pollster_rating_id,location,polldate,samplesize,cand1_name,cand1_pct,cand2_name,cand2_pct,electiondate
248,IA,2000-01-04,300.0,Gore,45.0,Bradley,32.0,2000-01-24
304,IA,2000-01-04,600.0,Gore,54.0,Bradley,33.0,2000-01-24
304,IA,2000-01-04,600.0,Bush,45.0,Forbes,18.0,2000-01-24
281,IA,2000-01-10,304.0,Gore,52.0,Bradley,34.0,2000-01-24
248,IA,2000-01-10,300.0,Bush,46.0,Forbes,17.0,2000-01-24
281,IA,2000-01-10,311.0,Bush,46.0,Forbes,20.0,2000-01-24
252,IA,2000-01-12,500.0,Gore,57.0,Bradley,31.0,2000-01-24
252,IA,2000-01-12,500.0,Bush,43.0,Forbes,18.0,2000-01-24
172,IA,2000-01-14,571.0,Gore,58.0,Bradley,35.0,2000-01-24
172,IA,2000-01-14,557.0,Bush,43.0,Forbes,25.0,2000-01-24
197,IA,2000-01-18,409.0,Gore,53.0,Bradley,32.0,2000-01-24
281,IA,2000-01-18,304.0,Gore,56.0,Bradley,32.0,2000-01-24
353,IA,2000-01-18,500.0,Gore,63.0,Bradley,26.0,2000-01-24
197,IA,2000-01-18,412.0,Bush,47.0,Forbes,24.0,2000-01-24
281,IA,2000-01-18,311.0,Bush,46.0,Forbes,23.0,2000-01-24
353,IA,2000-01-18,500.0,Bush,55.0,Forbes,12.0,2000-01-24
304,IA,2000-01-19,600.0,Gore,56.0,Bradley,28.0,2000-01-24
304,IA,2000-01-19,600.0,Bush,43.0,Forbes,20.0,2000-01-24
107,NH,2000-01-25,409.0,Gore,52.0,Bradley,37.0,2000-02-01
112,NH,2000-01-25,697.0,Gore,57.0,Bradley,39.0,2000-02-01
272,NH,2000-01-25,402.0,Gore,46.0,Bradley,40.0,2000-02-01
395,NH,2000-01-25,820.0,Gore,48.0,Bradley,41.0,2000-02-01
72,NH,2000-01-25,436.0,McCain,37.0,Bush,34.0,2000-02-01
107,NH,2000-01-25,409.0,McCain,38.0,Bush,30.0,2000-02-01
112,NH,2000-01-25,888.0,McCain,40.0,Bush,35.0,2000-02-01
272,NH,2000-01-25,402.0,McCain,32.0,Bush,27.0,2000-02-01
395,NH,2000-01-25,813.0,McCain,39.0,Bush,33.0,2000-02-01
72,NH,2000-01-26,500.0,Gore,48.0,Bradley,41.0,2000-02-01
160,NH,2000-01-26,400.0,Gore,48.0,Bradley,40.0,2000-02-01
36,NH,2000-01-26,397.0,McCain,36.0,Bush,31.0,2000-02-01
160,NH,2000-01-26,400.0,McCain,36.0,Bush,31.0,2000-02-01
357,NH,2000-01-26,498.0,McCain,40.0,Bush,33.0,2000-02-01
9,NH,2000-01-27,600.0,Gore,50.0,Bradley,43.0,2000-02-01
357,NH,2000-01-27,327.0,Gore,54.0,Bradley,42.0,2000-02-01
9,NH,2000-01-27,600.0,McCain,36.0,Bush,34.0,2000-02-01
112,NH,2000-01-28,697.0,Gore,48.0,Bradley,47.0,2000-02-01
160,NH,2000-01-28,400.0,Gore,51.0,Bradley,41.0,2000-02-01
197,NH,2000-01-28,428.0,Gore,53.0,Bradley,40.0,2000-02-01
272,NH,2000-01-28,402.0,Gore,48.0,Bradley,39.0,2000-02-01
395,NH,2000-01-28,820.0,Gore,49.0,Bradley,42.0,2000-02-01
112,NH,2000-01-28,888.0,McCain,39.0,Bush,34.0,2000-02-01
160,NH,2000-01-28,400.0,McCain,37.0,Bush,36.0,2000-02-01
197,NH,2000-01-28,428.0,McCain,36.0,Bush,35.0,2000-02-01
272,NH,2000-01-28,402.0,McCain,36.0,Bush,30.0,2000-02-01
390,NH,2000-01-28,500.0,McCain,39.0,Bush,37.0,2000-02-01
395,NH,2000-01-28,813.0,McCain,38.0,Bush,36.0,2000-02-01
36,NH,2000-01-29,347.0,Gore,55.0,Bradley,39.0,2000-02-01
107,NH,2000-01-29,355.0,Gore,47.0,Bradley,41.0,2000-02-01
221,NH,2000-01-29,500.0,Gore,49.0,Bradley,37.0,2000-02-01
267,NH,2000-01-29,430.0,Gore,53.0,Bradley,36.0,2000-02-01
325,NH,2000-01-29,619.0,Gore,56.0,Bradley,41.0,2000-02-01
354,NH,2000-01-29,400.0,Gore,45.0,Bradley,44.0,2000-02-01
36,NH,2000-01-29,450.0,McCain,39.0,Bush,35.0,2000-02-01
107,NH,2000-01-29,506.0,McCain,40.0,Bush,29.0,2000-02-01
221,NH,2000-01-29,500.0,McCain,38.0,Bush,32.0,2000-02-01
267,NH,2000-01-29,606.0,McCain,39.0,Bush,29.0,2000-02-01
325,NH,2000-01-29,881.0,McCain,41.0,Bush,35.0,2000-02-01
354,NH,2000-01-29,400.0,McCain,37.0,Bush,28.0,2000-02-01
9,NH,2000-01-30,600.0,Gore,50.0,Bradley,45.0,2000-02-01
160,NH,2000-01-30,400.0,Gore,48.0,Bradley,42.0,2000-02-01
221,NH,2000-01-30,501.0,Gore,49.0,Bradley,37.0,2000-02-01
357,NH,2000-01-30,327.0,Gore,49.0,Bradley,46.0,2000-02-01
9,NH,2000-01-30,600.0,McCain,38.0,Bush,36.0,2000-02-01
160,NH,2000-01-30,400.0,McCain,38.0,Bush,34.0,2000-02-01
221,NH,2000-01-30,502.0,McCain,38.0,Bush,32.0,2000-02-01
357,NH,2000-01-30,498.0,McCain,41.0,Bush,34.0,2000-02-01
112,NH,2000-01-31,697.0,Gore,54.0,Bradley,42.0,2000-02-01
395,NH,2000-01-31,820.0,Gore,52.0,Bradley,40.0,2000-02-01
112,NH,2000-01-31,888.0,McCain,44.0,Bush,32.0,2000-02-01
395,NH,2000-01-31,813.0,McCain,41.0,Bush,31.0,2000-02-01
277,SC,2000-02-02,600.0,Bush,41.0,McCain,40.0,2000-02-19
395,SC,2000-02-02,400.0,Bush,39.0,McCain,44.0,2000-02-19
9,SC,2000-02-03,600.0,Bush,42.0,McCain,45.0,2000-02-19
390,SC,2000-02-03,500.0,Bush,40.0,McCain,44.0,2000-02-19
3,SC,2000-02-06,500.0,Bush,48.0,McCain,43.0,2000-02-19
84,MI,2000-02-08,300.0,Bush,43.0,McCain,45.0,2000-02-22
193,MI,2000-02-08,400.0,Bush,41.0,McCain,40.0,2000-02-22
9,SC,2000-02-10,600.0,Bush,46.0,McCain,39.0,2000-02-19
258,SC,2000-02-10,500.0,Bush,43.0,McCain,40.0,2000-02-19
213,MI,2000-02-11,594.0,Bush,34.0,McCain,43.0,2000-02-22
172,SC,2000-02-12,1047.0,Bush,42.0,McCain,40.0,2000-02-19
9,SC,2000-02-14,600.0,Bush,47.0,McCain,41.0,2000-02-19
197,SC,2000-02-14,500.0,Bush,45.0,McCain,42.0,2000-02-19
112,SC,2000-02-15,563.0,Bush,52.0,McCain,40.0,2000-02-19
221,SC,2000-02-15,639.0,Bush,44.0,McCain,38.0,2000-02-19
277,SC,2000-02-15,600.0,Bush,47.0,McCain,35.0,2000-02-19
529,SC,2000-02-15,500.0,Bush,44.0,McCain,36.0,2000-02-19
213,MI,2000-02-16,594.0,Bush,38.0,McCain,40.0,2000-02-22
325,SC,2000-02-16,500.0,Bush,42.0,McCain,42.0,2000-02-19
395,SC,2000-02-16,600.0,Bush,43.0,McCain,42.0,2000-02-19
36,NY,2000-02-19,542.0,Gore,59.0,Bradley,28.0,2000-03-07
325,MI,2000-02-19,500.0,Bush,42.0,McCain,47.0,2000-02-22
36,NY,2000-02-19,374.0,Bush,43.0,McCain,36.0,2000-03-07
354,MA,2000-02-20,400.0,Gore,50.0,Bradley,35.0,2000-03-07
267,NY,2000-02-20,282.0,Gore,56.0,Bradley,32.0,2000-03-07
35,RI,2000-02-20,222.0,Gore,37.0,Bradley,24.0,2000-03-07
354,MA,2000-02-20,400.0,Bush,34.0,McCain,58.0,2000-03-07
9,MI,2000-02-20,600.0,Bush,42.0,McCain,48.0,2000-02-22
213,MI,2000-02-20,500.0,Bush,42.0,McCain,46.0,2000-02-22
183,NY,2000-02-21,279.0,Gore,59.0,Bradley,33.0,2000-03-07
197,CA,2000-02-22,275.0,Bush,41.0,McCain,30.0,2000-03-07
181,NY,2000-02-22,305.0,Bush,45.0,McCain,35.0,2000-03-07
160,MA,2000-02-23,873.0,Gore,59.0,Bradley,27.0,2000-03-07
9,VA,2000-02-23,600.0,Bush,44.0,McCain,36.0,2000-02-29
272,MA,2000-02-25,404.0,Gore,53.0,Bradley,29.0,2000-03-07
395,NY,2000-02-25,400.0,Gore,52.0,Bradley,35.0,2000-03-07
346,OH,2000-02-25,320.0,Gore,69.0,Bradley,22.0,2000-03-07
94,CA,2000-02-25,500.0,Bush,48.0,McCain,28.0,2000-03-07
390,CA,2000-02-25,418.0,Bush,48.0,McCain,23.0,2000-03-07
272,MA,2000-02-25,873.0,Bush,27.0,McCain,62.0,2000-03-07
121,MD,2000-02-25,346.0,Bush,47.0,McCain,37.0,2000-03-07
395,NY,2000-02-25,400.0,Bush,39.0,McCain,45.0,2000-03-07
346,OH,2000-02-25,320.0,Bush,53.0,McCain,36.0,2000-03-07
256,MD,2000-02-26,434.0,Gore,58.0,Bradley,23.0,2000-03-07
36,NY,2000-02-26,382.0,Gore,55.0,Bradley,29.0,2000-03-07
35,VT,2000-02-26,321.0,Gore,56.0,Bradley,35.0,2000-03-07
172,CA,2000-02-26,500.0,Bush,47.0,McCain,26.0,2000-03-07
256,MD,2000-02-26,294.0,Bush,47.0,McCain,40.0,2000-03-07
36,NY,2000-02-26,281.0,Bush,46.0,McCain,36.0,2000-03-07
325,VA,2000-02-26,500.0,Bush,52.0,McCain,41.0,2000-02-29
197,VT,2000-02-26,356.0,McCain,53.0,Bush,34.0,2000-03-07
354,MA,2000-02-27,400.0,Gore,50.0,Bradley,37.0,2000-03-07
197,MD,2000-02-27,421.0,Gore,59.0,Bradley,28.0,2000-03-07
197,MO,2000-02-27,409.0,Gore,53.0,Bradley,33.0,2000-03-07
197,MD,2000-02-27,357.0,Bush,45.0,McCain,37.0,2000-03-07
197,MN,2000-02-27,245.0,Bush,49.0,Keyes,4.0,2000-03-07
197,MO,2000-02-27,324.0,Bush,48.0,McCain,36.0,2000-03-07
267,NY,2000-02-27,270.0,Bush,40.0,McCain,47.0,2000-03-07
281,ME,2000-02-28,600.0,Gore,49.0,Bradley,30.0,2000-03-07
395,NY,2000-02-28,400.0,Gore,52.0,Bradley,33.0,2000-03-07
9,GA,2000-02-28,600.0,Bush,62.0,McCain,23.0,2000-03-07
281,ME,2000-02-28,600.0,Bush,41.0,McCain,45.0,2000-03-07
197,GA,2000-02-29,431.0,Gore,64.0,Bradley,27.0,2000-03-07
354,MA,2000-02-29,400.0,Gore,54.0,Bradley,34.0,2000-03-07
57,OH,2000-02-29,2892.0,Gore,73.0,Bradley,26.0,2000-03-07
197,GA,2000-02-29,329.0,Bush,54.0,McCain,34.0,2000-03-07
354,MA,2000-02-29,400.0,Bush,21.0,McCain,66.0,2000-03-07
183,NY,2000-02-29,173.0,Bush,44.0,McCain,51.0,2000-03-07
395,NY,2000-02-29,430.0,Bush,38.0,McCain,44.0,2000-03-07
57,OH,2000-02-29,3714.0,Bush,61.0,McCain,33.0,2000-03-07
32,NY,2000-03-01,402.0,Gore,60.0,Bradley,25.0,2000-03-07
183,NY,2000-03-01,244.0,Gore,60.0,Bradley,28.0,2000-03-07
395,NY,2000-03-01,395.0,Gore,59.0,Bradley,30.0,2000-03-07
395,OH,2000-03-01,403.0,Gore,73.0,Bradley,17.0,2000-03-07
395,CA,2000-03-01,400.0,Bush,48.1,McCain,29.5,2000-03-07
395,CT,2000-03-01,361.0,Bush,45.0,McCain,42.0,2000-03-07
395,GA,2000-03-01,400.0,Bush,52.0,McCain,30.0,2000-03-07
395,MA,2000-03-01,400.0,Bush,29.0,McCain,59.0,2000-03-07
395,MD,2000-03-01,400.0,Bush,52.0,McCain,32.0,2000-03-07
395,MO,2000-03-01,400.0,Bush,46.0,McCain,37.0,2000-03-07
32,NY,2000-03-01,579.0,Bush,47.0,McCain,39.0,2000-03-07
183,NY,2000-03-01,191.0,Bush,46.0,McCain,45.0,2000-03-07
9,OH,2000-03-01,600.0,Bush,55.0,McCain,33.0,2000-03-07
395,OH,2000-03-01,400.0,Bush,57.0,McCain,31.0,2000-03-07
197,OH,2000-03-02,462.0,Gore,61.0,Bradley,20.0,2000-03-07
197,NY,2000-03-02,375.0,Bush,45.0,McCain,44.0,2000-03-07
395,NY,2000-03-02,400.0,Bush,44.0,McCain,40.0,2000-03-07
197,OH,2000-03-02,540.0,Bush,56.0,McCain,32.0,2000-03-07
197,NY,2000-03-03,428.0,Gore,57.0,Bradley,31.0,2000-03-07
267,NY,2000-03-03,282.0,Gore,60.0,Bradley,32.0,2000-03-07
346,OH,2000-03-03,373.0,Gore,72.0,Bradley,25.0,2000-03-07
267,NY,2000-03-03,270.0,Bush,48.0,McCain,39.0,2000-03-07
197,OH,2000-03-03,362.0,Bush,54.0,McCain,35.0,2000-03-07
346,OH,2000-03-03,407.0,Bush,61.0,McCain,36.0,2000-03-07
325,CT,2000-03-04,493.0,Gore,51.0,Bradley,30.0,2000-03-07
325,GA,2000-03-04,476.0,Gore,78.0,Bradley,19.0,2000-03-07
354,MA,2000-03-04,400.0,Gore,57.0,Bradley,31.0,2000-03-07
183,NY,2000-03-04,250.0,Gore,56.0,Bradley,34.0,2000-03-07
395,NY,2000-03-04,338.0,Gore,57.9,Bradley,27.5,2000-03-07
325,OH,2000-03-04,510.0,Gore,62.0,Bradley,19.0,2000-03-07
395,OH,2000-03-04,400.0,Gore,68.0,Bradley,21.0,2000-03-07
325,CT,2000-03-04,507.0,Bush,41.0,McCain,46.0,2000-03-07
395,CT,2000-03-04,400.0,Bush,45.0,McCain,38.0,2000-03-07
325,GA,2000-03-04,624.0,Bush,64.0,McCain,27.0,2000-03-07
395,GA,2000-03-04,400.0,Bush,56.0,McCain,27.0,2000-03-07
354,MA,2000-03-04,400.0,Bush,29.0,McCain,60.0,2000-03-07
395,MA,2000-03-04,400.0,Bush,31.0,McCain,59.0,2000-03-07
395,MD,2000-03-04,400.0,Bush,53.0,McCain,31.0,2000-03-07
183,NY,2000-03-04,202.0,Bush,48.0,McCain,43.0,2000-03-07
325,OH,2000-03-04,590.0,Bush,62.0,McCain,28.0,2000-03-07
395,OH,2000-03-04,400.0,Bush,57.0,McCain,31.0,2000-03-07
51,CO,2000-03-05,400.0,Gore,66.0,Bradley,24.0,2000-03-10
395,NY,2000-03-05,632.0,Bush,46.0,McCain,41.0,2000-03-07
183,NY,2000-03-06,461.0,Gore,58.0,Bradley,32.0,2000-03-07
183,NY,2000-03-06,335.0,Bush,50.0,McCain,40.0,2000-03-07
325,CO,2000-03-07,381.0,Gore,70.0,Bradley,19.0,2000-03-10
252,IA,2004-01-06,400.0,Kerry,15.0,Edwards,9.0,2004-01-19
281,IA,2004-01-06,600.0,Kerry,18.0,Edwards,8.0,2004-01-19
325,IA,2004-01-06,428.0,Kerry,21.0,Edwards,17.0,2004-01-19
172,IA,2004-01-07,640.0,Kerry,18.0,Edwards,11.0,2004-01-19
395,IA,2004-01-11,501.0,Kerry,17.0,Edwards,14.0,2004-01-19
281,IA,2004-01-13,607.0,Kerry,21.0,Edwards,18.0,2004-01-19
325,IA,2004-01-14,428.0,Kerry,21.0,Edwards,22.0,2004-01-19
395,IA,2004-01-14,501.0,Kerry,24.0,Edwards,17.0,2004-01-19
304,IA,2004-01-15,606.0,Kerry,26.0,Edwards,23.0,2004-01-19
243,IA,2004-01-16,904.0,Kerry,34.0,Edwards,22.0,2004-01-19
395,IA,2004-01-17,501.0,Kerry,25.0,Edwards,21.0,2004-01-19
395,NH,2004-01-20,684.0,Kerry,27.0,Dean,24.0,2004-01-27
107,NH,2004-01-21,600.0,Kerry,30.0,Dean,16.0,2004-01-27
160,NH,2004-01-21,400.0,Kerry,31.0,Dean,21.0,2004-01-27
272,NH,2004-01-21,524.0,Kerry,31.0,Dean,21.0,2004-01-27
281,NH,2004-01-21,604.0,Kerry,29.0,Dean,21.0,2004-01-27
323,NH,2004-01-21,401.0,Kerry,27.0,Dean,19.0,2004-01-27
325,NH,2004-01-21,481.0,Kerry,32.0,Dean,23.0,2004-01-27
357,NH,2004-01-21,459.0,Kerry,37.0,Dean,19.0,2004-01-27
9,NH,2004-01-22,719.0,Kerry,34.0,Dean,15.0,2004-01-27
112,NH,2004-01-22,970.0,Kerry,35.0,Dean,23.0,2004-01-27
172,NH,2004-01-22,1176.0,Kerry,32.0,Dean,19.0,2004-01-27
325,NH,2004-01-22,481.0,Kerry,34.0,Dean,23.0,2004-01-27
160,NH,2004-01-23,400.0,Kerry,35.0,Dean,15.0,2004-01-27
272,NH,2004-01-23,524.0,Kerry,35.0,Dean,23.0,2004-01-27
323,NH,2004-01-23,401.0,Kerry,29.0,Dean,20.0,2004-01-27
325,NH,2004-01-23,481.0,Kerry,30.0,Dean,25.0,2004-01-27
395,NH,2004-01-23,684.0,Kerry,30.0,Dean,23.0,2004-01-27
183,NH,2004-01-24,807.0,Kerry,37.0,Dean,24.0,2004-01-27
325,NH,2004-01-24,481.0,Kerry,28.0,Dean,24.0,2004-01-27
357,NH,2004-01-24,459.0,Kerry,36.0,Dean,25.0,2004-01-27
9,NH,2004-01-25,719.0,Kerry,35.0,Dean,25.0,2004-01-27
112,NH,2004-01-25,970.0,Kerry,36.0,Dean,25.0,2004-01-27
160,NH,2004-01-25,400.0,Kerry,37.0,Dean,17.0,2004-01-27
323,NH,2004-01-25,401.0,Kerry,38.0,Dean,17.0,2004-01-27
325,NH,2004-01-25,481.0,Kerry,33.0,Dean,28.0,2004-01-27
325,SC,2004-01-25,629.0,Edwards,32.0,Kerry,13.0,2004-02-03
160,NH,2004-01-26,400.0,Kerry,38.0,Dean,22.0,2004-01-27
183,NH,2004-01-26,391.0,Kerry,36.0,Dean,27.0,2004-01-27
323,NH,2004-01-26,401.0,Kerry,37.0,Dean,19.0,2004-01-27
395,NH,2004-01-26,684.0,Kerry,37.0,Dean,24.0,2004-01-27
325,MO,2004-01-27,891.0,Kerry,41.0,Edwards,17.0,2004-02-03
243,AZ,2004-01-28,300.0,Kerry,23.0,Clark,18.0,2004-02-03
211,ND,2004-01-28,640.0,Kerry,31.0,Clark,15.0,2004-02-03
384,OK,2004-01-28,300.0,Clark,18.0,Edwards,13.0,2004-02-03
325,VA,2004-01-28,716.0,Kerry,32.0,Edwards,17.0,2004-02-10
87,WA,2004-01-28,205.0,Kerry,40.0,Dean,13.0,2004-02-07
172,AZ,2004-01-29,451.0,Kerry,29.0,Clark,22.0,2004-02-03
188,AZ,2004-01-29,601.0,Kerry,27.0,Clark,18.0,2004-02-03
395,AZ,2004-01-29,600.0,Kerry,36.0,Clark,20.0,2004-02-03
9,DE,2004-01-29,600.0,Kerry,27.0,Lieberman,16.0,2004-02-03
9,MO,2004-01-29,600.0,Kerry,46.0,Edwards,15.0,2004-02-03
172,MO,2004-01-29,545.0,Kerry,37.0,Edwards,11.0,2004-02-03
281,MO,2004-01-29,500.0,Kerry,44.0,Edwards,14.0,2004-02-03
280,NM,2004-01-29,500.0,Kerry,31.0,Clark,14.0,2004-02-03
395,OK,2004-01-29,600.0,Clark,25.0,Edwards,16.0,2004-02-03
36,SC,2004-01-29,545.0,Edwards,28.0,Kerry,21.0,2004-02-03
172,SC,2004-01-29,448.0,Edwards,32.0,Kerry,20.0,2004-02-03
395,SC,2004-01-29,600.0,Edwards,26.0,Kerry,22.0,2004-02-03
197,TN,2004-01-29,313.0,Kerry,31.0,Edwards,13.0,2004-02-10
325,DE,2004-01-30,434.0,Kerry,42.0,Lieberman,10.0,2004-02-03
395,MO,2004-01-30,600.0,Kerry,46.0,Edwards,13.0,2004-02-03
9,SC,2004-01-30,600.0,Edwards,30.0,Kerry,23.0,2004-02-03
9,AZ,2004-01-31,600.0,Kerry,32.0,Clark,21.0,2004-02-03
188,AZ,2004-01-31,601.0,Kerry,32.0,Clark,19.0,2004-02-03
325,AZ,2004-01-31,400.0,Kerry,34.0,Clark,28.0,2004-02-03
325,MO,2004-01-31,891.0,Kerry,44.0,Edwards,20.0,2004-02-03
9,OK,2004-01-31,600.0,Clark,25.0,Edwards,18.0,2004-02-03
243,OK,2004-01-31,800.0,Clark,23.0,Edwards,14.0,2004-02-03
325,OK,2004-01-31,350.0,Clark,31.0,Edwards,23.0,2004-02-03
243,SC,2004-01-31,500.0,Edwards,28.0,Kerry,24.0,2004-02-03
325,SC,2004-01-31,629.0,Edwards,34.0,Kerry,17.0,2004-02-03
365,WI,2004-01-31,400.0,Kerry,35.0,Edwards,9.0,2004-02-17
395,AZ,2004-02-01,600.0,Kerry,41.0,Clark,27.0,2004-02-03
395,MO,2004-02-01,600.0,Kerry,56.0,Edwards,17.0,2004-02-03
9,OK,2004-02-01,600.0,Clark,28.0,Edwards,21.0,2004-02-03
325,OK,2004-02-01,350.0,Clark,29.0,Edwards,27.0,2004-02-03
395,OK,2004-02-01,600.0,Clark,31.0,Edwards,26.0,2004-02-03
9,SC,2004-02-01,600.0,Edwards,31.0,Kerry,24.0,2004-02-03
36,SC,2004-02-01,433.0,Edwards,28.0,Kerry,24.0,2004-02-03
395,SC,2004-02-01,600.0,Edwards,32.0,Kerry,29.0,2004-02-03
325,TN,2004-02-01,523.0,Kerry,31.0,Edwards,26.0,2004-02-10
213,MI,2004-02-04,450.0,Kerry,52.0,Dean,9.0,2004-02-07
395,MI,2004-02-04,601.0,Kerry,47.0,Dean,10.0,2004-02-07
84,MI,2004-02-05,409.0,Kerry,62.0,Dean,13.0,2004-02-07
9,TN,2004-02-05,600.0,Kerry,32.0,Edwards,21.0,2004-02-10
9,VA,2004-02-05,600.0,Kerry,35.0,Edwards,22.0,2004-02-10
197,VA,2004-02-05,625.0,Kerry,34.0,Edwards,25.0,2004-02-10
9,WI,2004-02-05,600.0,Kerry,41.0,Edwards,10.0,2004-02-17
187,WI,2004-02-06,666.0,Kerry,45.0,Edwards,9.0,2004-02-17
325,VA,2004-02-07,716.0,Kerry,43.0,Edwards,22.0,2004-02-10
243,TN,2004-02-08,449.0,Kerry,53.0,Edwards,21.0,2004-02-10
325,TN,2004-02-08,523.0,Kerry,35.0,Edwards,25.0,2004-02-10
395,TN,2004-02-08,600.0,Kerry,45.0,Edwards,21.0,2004-02-10
395,VA,2004-02-08,500.0,Kerry,47.0,Edwards,24.0,2004-02-10
262,CA,2004-02-12,500.0,Kerry,56.0,Edwards,10.0,2004-03-02
9,WI,2004-02-12,600.0,Kerry,53.0,Edwards,16.0,2004-02-17
325,CT,2004-02-14,371.0,Kerry,67.0,Edwards,12.0,2004-03-02
325,GA,2004-02-14,302.0,Kerry,50.0,Edwards,19.0,2004-03-02
395,WI,2004-02-14,600.0,Kerry,47.0,Edwards,20.0,2004-02-17
325,CA,2004-02-15,573.0,Kerry,59.0,Edwards,14.0,2004-03-02
183,NY,2004-02-18,397.0,Kerry,66.0,Edwards,14.0,2004-03-02
43,NY,2004-02-19,401.0,Kerry,57.0,Edwards,16.0,2004-03-02
94,CA,2004-02-20,497.0,Kerry,60.0,Edwards,19.0,2004-03-02
172,CA,2004-02-20,560.0,Kerry,56.0,Edwards,24.0,2004-03-02
267,NY,2004-02-21,504.0,Kerry,60.0,Edwards,21.0,2004-03-02
325,NY,2004-02-21,451.0,Kerry,58.0,Edwards,22.0,2004-03-02
325,CA,2004-02-22,573.0,Kerry,60.0,Edwards,25.0,2004-03-02
325,OH,2004-02-22,508.0,Kerry,53.0,Edwards,30.0,2004-03-02
9,NY,2004-02-23,600.0,Kerry,54.0,Edwards,21.0,2004-03-02
9,OH,2004-02-23,600.0,Kerry,47.0,Edwards,26.0,2004-03-02
57,OH,2004-02-23,3793.0,Kerry,59.0,Edwards,28.0,2004-03-02
9,GA,2004-02-24,600.0,Kerry,45.0,Edwards,37.0,2004-03-02
395,GA,2004-02-24,395.0,Kerry,39.0,Edwards,23.0,2004-03-02
9,MD,2004-02-24,600.0,Kerry,42.0,Edwards,35.0,2004-03-02
197,MD,2004-02-24,625.0,Kerry,62.0,Edwards,20.0,2004-03-02
196,OH,2004-02-24,412.0,Kerry,48.0,Edwards,29.0,2004-03-02
325,RI,2004-02-24,354.0,Kerry,66.0,Edwards,23.0,2004-03-02
325,MD,2004-02-25,430.0,Kerry,54.0,Edwards,29.0,2004-03-02
183,NY,2004-02-25,417.0,Kerry,64.0,Edwards,22.0,2004-03-02
395,GA,2004-02-26,602.0,Kerry,41.0,Edwards,26.0,2004-03-02
325,CT,2004-02-27,371.0,Kerry,64.0,Edwards,22.0,2004-03-02
267,NY,2004-02-27,504.0,Kerry,63.0,Edwards,21.0,2004-03-02
243,OH,2004-02-27,300.0,Kerry,53.0,Edwards,20.0,2004-03-02
325,CA,2004-02-28,573.0,Kerry,61.0,Edwards,24.0,2004-03-02
9,GA,2004-02-28,600.0,Kerry,48.0,Edwards,38.0,2004-03-02
243,GA,2004-02-28,500.0,Kerry,46.0,Edwards,25.0,2004-03-02
325,GA,2004-02-28,302.0,Kerry,46.0,Edwards,36.0,2004-03-02
9,MD,2004-02-28,600.0,Kerry,46.0,Edwards,34.0,2004-03-02
325,NY,2004-02-28,451.0,Kerry,61.0,Edwards,20.0,2004-03-02
325,OH,2004-02-28,508.0,Kerry,53.0,Edwards,32.0,2004-03-02
325,GA,2004-02-29,302.0,Kerry,46.0,Edwards,42.0,2004-03-02
395,GA,2004-02-29,602.0,Kerry,51.0,Edwards,37.0,2004-03-02
183,NY,2004-02-29,397.0,Kerry,69.0,Edwards,15.0,2004-03-02
3,IA,2007-12-15,652.0,Obama,33.0,Edwards,20.0,2008-01-03
3,IA,2007-12-15,501.0,Huckabee,35.0,Romney,27.0,2008-01-03
37,IA,2007-12-16,543.0,Obama,28.0,Edwards,26.0,2008-01-03
37,IA,2007-12-16,359.0,Huckabee,33.0,Romney,25.0,2008-01-03
243,IA,2007-12-17,633.0,Obama,27.0,Edwards,26.0,2008-01-03
277,IA,2007-12-17,775.0,Obama,27.0,Edwards,22.0,2008-01-03
320,IA,2007-12-17,600.0,Obama,30.0,Edwards,27.0,2008-01-03
243,IA,2007-12-17,418.0,Huckabee,25.0,Romney,28.0,2008-01-03
277,IA,2007-12-17,496.0,Huckabee,28.0,Romney,27.0,2008-01-03
320,IA,2007-12-17,600.0,Huckabee,31.0,Romney,25.0,2008-01-03
9,IA,2007-12-18,600.0,Obama,25.0,Edwards,18.0,2008-01-03
9,IA,2007-12-18,600.0,Huckabee,28.0,Romney,17.0,2008-01-03
9,IA,2007-12-22,600.0,Obama,19.0,Edwards,20.0,2008-01-03
9,IA,2007-12-22,600.0,Huckabee,23.0,Romney,21.0,2008-01-03
172,IA,2007-12-23,580.0,Obama,26.0,Edwards,25.0,2008-01-03
172,IA,2007-12-23,310.0,Huckabee,37.0,Romney,23.0,2008-01-03
9,IA,2007-12-27,600.0,Obama,24.0,Edwards,24.0,2008-01-03
197,IA,2007-12-27,400.0,Obama,22.0,Edwards,24.0,2008-01-03
281,IA,2007-12-27,500.0,Obama,29.0,Edwards,29.0,2008-01-03
320,IA,2007-12-27,600.0,Obama,30.0,Edwards,28.0,2008-01-03
9,IA,2007-12-27,600.0,Huckabee,23.0,Romney,32.0,2008-01-03
197,IA,2007-12-27,400.0,Huckabee,23.0,Romney,27.0,2008-01-03
281,IA,2007-12-27,500.0,Huckabee,34.0,Romney,27.0,2008-01-03
320,IA,2007-12-27,600.0,Huckabee,29.0,Romney,27.0,2008-01-03
37,IA,2007-12-28,482.0,Obama,31.0,Edwards,22.0,2008-01-03
395,IA,2007-12-28,934.0,Obama,27.0,Edwards,24.0,2008-01-03
37,IA,2007-12-28,373.0,Huckabee,28.0,Romney,31.0,2008-01-03
395,IA,2007-12-28,867.0,Huckabee,29.0,Romney,28.0,2008-01-03
243,IA,2007-12-29,788.0,Obama,22.0,Edwards,29.0,2008-01-03
304,IA,2007-12-29,800.0,Obama,32.0,Edwards,24.0,2008-01-03
320,IA,2007-12-29,600.0,Obama,32.0,Edwards,29.0,2008-01-03
304,IA,2007-12-29,800.0,Huckabee,32.0,Romney,26.0,2008-01-03
320,IA,2007-12-29,600.0,Huckabee,28.0,Romney,30.0,2008-01-03
9,IA,2008-01-01,600.0,Obama,25.0,Edwards,21.0,2008-01-03
395,IA,2008-01-01,905.0,Obama,31.0,Edwards,27.0,2008-01-03
9,IA,2008-01-01,600.0,Huckabee,29.0,Romney,24.0,2008-01-03
395,IA,2008-01-01,914.0,Huckabee,31.0,Romney,25.0,2008-01-03
243,IA,2008-01-02,430.0,Huckabee,30.0,Romney,24.0,2008-01-03
277,NH,2008-01-04,510.0,Obama,37.0,Clinton,27.0,2008-01-08
277,NH,2008-01-04,441.0,McCain,31.0,Romney,26.0,2008-01-08
9,NH,2008-01-05,600.0,Obama,38.0,Clinton,26.0,2008-01-08
104,NH,2008-01-05,500.0,Obama,32.0,Clinton,28.0,2008-01-08
107,NH,2008-01-05,403.0,Obama,34.0,Clinton,31.0,2008-01-08
112,NH,2008-01-05,778.0,Obama,41.0,Clinton,28.0,2008-01-08
281,NH,2008-01-05,400.0,Obama,34.0,Clinton,33.0,2008-01-08
320,NH,2008-01-05,600.0,Obama,38.0,Clinton,29.0,2008-01-08
323,NH,2008-01-05,500.0,Obama,33.0,Clinton,35.0,2008-01-08
9,NH,2008-01-05,600.0,McCain,39.0,Romney,25.0,2008-01-08
104,NH,2008-01-05,500.0,McCain,34.0,Romney,27.0,2008-01-08
107,NH,2008-01-05,409.0,McCain,38.0,Romney,29.0,2008-01-08
112,NH,2008-01-05,776.0,McCain,34.0,Romney,30.0,2008-01-08
281,NH,2008-01-05,400.0,McCain,35.0,Romney,29.0,2008-01-08
320,NH,2008-01-05,600.0,McCain,35.0,Romney,27.0,2008-01-08
323,NH,2008-01-05,500.0,McCain,27.0,Romney,30.0,2008-01-08
36,NH,2008-01-06,323.0,Obama,35.0,Clinton,28.0,2008-01-08
183,NH,2008-01-06,636.0,Obama,36.0,Clinton,28.0,2008-01-08
277,NH,2008-01-06,1774.0,Obama,37.0,Clinton,30.0,2008-01-08
357,NH,2008-01-06,599.0,Obama,39.0,Clinton,30.0,2008-01-08
395,NH,2008-01-06,862.0,Obama,42.0,Clinton,29.0,2008-01-08
183,NH,2008-01-06,477.0,McCain,35.0,Romney,31.0,2008-01-08
277,NH,2008-01-06,1549.0,McCain,32.0,Romney,31.0,2008-01-08
357,NH,2008-01-06,492.0,McCain,31.0,Romney,26.0,2008-01-08
395,NH,2008-01-06,859.0,McCain,36.0,Romney,27.0,2008-01-08
9,NH,2008-01-07,600.0,Obama,40.0,Clinton,31.0,2008-01-08
323,NH,2008-01-07,500.0,Obama,39.0,Clinton,34.0,2008-01-08
9,NH,2008-01-07,600.0,McCain,31.0,Romney,24.0,2008-01-08
323,NH,2008-01-07,500.0,McCain,26.0,Romney,30.0,2008-01-08
277,SC,2008-01-09,494.0,Obama,42.0,Clinton,30.0,2008-01-26
277,MI,2008-01-09,371.0,McCain,25.0,Romney,26.0,2008-01-15
104,SC,2008-01-09,500.0,McCain,25.0,Huckabee,18.0,2008-01-19
277,SC,2008-01-09,785.0,McCain,27.0,Huckabee,24.0,2008-01-19
325,FL,2008-01-10,577.0,Obama,32.0,Clinton,51.0,2008-01-29
325,FL,2008-01-10,502.0,McCain,27.0,Romney,17.0,2008-01-29
9,MI,2008-01-10,600.0,McCain,34.0,Romney,27.0,2008-01-15
197,MI,2008-01-10,400.0,McCain,22.0,Romney,30.0,2008-01-15
304,MI,2008-01-10,600.0,McCain,22.0,Romney,27.0,2008-01-15
267,FL,2008-01-11,421.0,Obama,31.0,Clinton,52.0,2008-01-29
277,FL,2008-01-11,682.0,Obama,24.0,Clinton,48.0,2008-01-29
267,FL,2008-01-11,419.0,McCain,22.0,Romney,19.0,2008-01-29
277,FL,2008-01-11,781.0,McCain,19.0,Romney,18.0,2008-01-29
84,MI,2008-01-11,604.0,McCain,27.0,Romney,26.0,2008-01-15
320,FL,2008-01-12,600.0,Obama,39.0,Clinton,45.0,2008-01-29
325,FL,2008-01-12,601.0,Obama,23.0,Clinton,56.0,2008-01-29
9,NV,2008-01-12,600.0,Obama,32.0,Clinton,35.0,2008-01-19
281,NV,2008-01-12,500.0,Obama,32.0,Clinton,30.0,2008-01-19
263,SC,2008-01-12,510.0,Obama,44.0,Clinton,31.0,2008-01-26
320,FL,2008-01-12,605.0,McCain,27.0,Romney,17.0,2008-01-29
325,FL,2008-01-12,542.0,McCain,25.0,Romney,18.0,2008-01-29
9,NV,2008-01-12,600.0,Romney,28.0,Paul,9.0,2008-01-19
281,NV,2008-01-12,500.0,Romney,15.0,Paul,6.0,2008-01-19
54,SC,2008-01-12,450.0,McCain,29.0,Huckabee,22.0,2008-01-19
263,SC,2008-01-12,1272.0,McCain,28.0,Huckabee,21.0,2008-01-19
277,SC,2008-01-13,516.0,Obama,38.0,Clinton,33.0,2008-01-26
9,MI,2008-01-13,600.0,McCain,31.0,Romney,30.0,2008-01-15
213,MI,2008-01-13,589.0,McCain,29.0,Romney,35.0,2008-01-15
395,MI,2008-01-13,824.0,McCain,27.0,Romney,26.0,2008-01-15
277,SC,2008-01-13,911.0,McCain,28.0,Huckabee,19.0,2008-01-19
395,SC,2008-01-14,813.0,McCain,29.0,Huckabee,23.0,2008-01-19
281,FL,2008-01-15,500.0,Obama,28.0,Clinton,50.0,2008-01-29
277,NJ,2008-01-15,866.0,Obama,27.0,Clinton,45.0,2008-02-05
197,NV,2008-01-15,500.0,Obama,32.0,Clinton,41.0,2008-01-19
197,SC,2008-01-15,400.0,Obama,40.0,Clinton,31.0,2008-01-26
243,SC,2008-01-15,400.0,Obama,41.0,Clinton,31.0,2008-01-26
281,FL,2008-01-15,500.0,McCain,26.0,Romney,16.0,2008-01-29
197,NV,2008-01-15,500.0,Romney,34.0,Paul,7.0,2008-01-19
197,SC,2008-01-15,400.0,McCain,27.0,Huckabee,25.0,2008-01-19
243,FL,2008-01-16,360.0,Obama,34.0,Clinton,42.0,2008-01-29
325,MA,2008-01-16,539.0,Obama,23.0,Clinton,56.0,2008-02-05
183,NY,2008-01-16,426.0,Obama,32.0,Clinton,48.0,2008-02-05
305,NY,2008-01-16,311.0,Obama,23.0,Clinton,48.0,2008-02-05
9,SC,2008-01-16,600.0,Obama,44.0,Clinton,38.0,2008-01-26
277,SC,2008-01-16,571.0,Obama,44.0,Clinton,31.0,2008-01-26
243,FL,2008-01-16,446.0,McCain,20.0,Romney,20.0,2008-01-29
325,MA,2008-01-16,269.0,McCain,34.0,Romney,48.0,2008-02-05
9,SC,2008-01-16,600.0,McCain,33.0,Huckabee,23.0,2008-01-19
263,SC,2008-01-16,772.0,McCain,28.0,Huckabee,20.0,2008-01-19
277,SC,2008-01-16,895.0,McCain,24.0,Huckabee,24.0,2008-01-19
94,CA,2008-01-17,377.0,Obama,27.0,Clinton,39.0,2008-02-05
262,CA,2008-01-17,543.0,Obama,28.0,Clinton,43.0,2008-02-05
277,NY,2008-01-17,596.0,Obama,30.0,Clinton,51.0,2008-02-05
325,SC,2008-01-17,577.0,Obama,46.0,Clinton,36.0,2008-01-26
94,CA,2008-01-17,377.0,McCain,22.0,Romney,18.0,2008-02-05
262,CA,2008-01-17,348.0,McCain,29.0,Romney,17.0,2008-02-05
104,SC,2008-01-17,500.0,McCain,27.0,Huckabee,20.0,2008-01-19
325,SC,2008-01-17,699.0,McCain,31.0,Huckabee,27.0,2008-01-19
395,NV,2008-01-18,757.0,Obama,39.0,Clinton,45.0,2008-01-19
267,NY,2008-01-18,544.0,Obama,25.0,Clinton,51.0,2008-02-05
9,SC,2008-01-18,600.0,Obama,45.0,Clinton,39.0,2008-01-26
9,SC,2008-01-18,600.0,McCain,26.0,Huckabee,33.0,2008-01-19
243,SC,2008-01-18,635.0,McCain,26.0,Huckabee,26.0,2008-01-19
395,SC,2008-01-18,817.0,McCain,27.0,Huckabee,26.0,2008-01-19
8,AL,2008-01-19,438.0,Obama,31.0,Clinton,24.0,2008-02-05
15,AZ,2008-01-19,366.0,Obama,24.0,Clinton,45.0,2008-02-05
267,NJ,2008-01-19,464.0,Obama,32.0,Clinton,49.0,2008-02-05
54,SC,2008-01-19,300.0,Obama,27.0,Clinton,20.0,2008-01-26
8,AL,2008-01-19,438.0,McCain,20.0,Huckabee,19.0,2008-02-05
15,AZ,2008-01-19,375.0,McCain,41.0,Romney,18.0,2008-02-05
277,FL,2008-01-20,672.0,Obama,29.0,Clinton,47.0,2008-01-29
395,NY,2008-01-20,425.0,Obama,26.0,Clinton,47.0,2008-02-05
63,TN,2008-01-20,503.0,Obama,20.0,Clinton,34.0,2008-02-05
277,FL,2008-01-20,754.0,McCain,20.0,Romney,25.0,2008-01-29
63,TN,2008-01-20,500.0,McCain,12.0,Huckabee,24.0,2008-02-05
9,FL,2008-01-21,600.0,Obama,21.0,Clinton,59.0,2008-01-29
302,FL,2008-01-21,600.0,Obama,23.0,Clinton,42.0,2008-01-29
320,FL,2008-01-21,600.0,Obama,36.0,Clinton,47.0,2008-01-29
325,FL,2008-01-21,517.0,Obama,23.0,Clinton,56.0,2008-01-29
263,SC,2008-01-21,580.0,Obama,44.0,Clinton,28.0,2008-01-26
277,SC,2008-01-21,624.0,Obama,43.0,Clinton,28.0,2008-01-26
293,SC,2008-01-21,600.0,Obama,37.0,Clinton,27.0,2008-01-26
395,SC,2008-01-21,811.0,Obama,43.0,Clinton,25.0,2008-01-26
9,FL,2008-01-21,600.0,McCain,29.0,Romney,22.0,2008-01-29
243,FL,2008-01-21,512.0,McCain,18.0,Romney,24.0,2008-01-29
302,FL,2008-01-21,800.0,McCain,25.0,Romney,23.0,2008-01-29
320,FL,2008-01-21,606.0,McCain,25.0,Romney,20.0,2008-01-29
325,FL,2008-01-21,518.0,McCain,25.0,Romney,19.0,2008-01-29
27,AZ,2008-01-22,628.0,Obama,32.0,Clinton,36.0,2008-02-05
197,CO,2008-01-22,400.0,Obama,34.0,Clinton,32.0,2008-02-05
197,FL,2008-01-22,400.0,Obama,25.0,Clinton,47.0,2008-01-29
277,GA,2008-01-22,571.0,Obama,41.0,Clinton,34.0,2008-02-05
27,AZ,2008-01-22,240.0,McCain,40.0,Romney,23.0,2008-02-05
197,CO,2008-01-22,400.0,McCain,24.0,Romney,43.0,2008-02-05
197,FL,2008-01-22,400.0,McCain,26.0,Romney,30.0,2008-01-29
277,GA,2008-01-22,768.0,McCain,19.0,Huckabee,34.0,2008-02-05
300,GA,2008-01-22,500.0,McCain,18.0,Huckabee,27.0,2008-02-05
277,AL,2008-01-23,649.0,Obama,28.0,Clinton,43.0,2008-02-05
277,FL,2008-01-23,508.0,Obama,26.0,Clinton,51.0,2008-01-29
281,IL,2008-01-23,500.0,Obama,51.0,Clinton,22.0,2008-02-05
325,MA,2008-01-23,586.0,Obama,22.0,Clinton,59.0,2008-02-05
380,MA,2008-01-23,151.0,Obama,15.0,Clinton,43.0,2008-02-05
143,MN,2008-01-23,478.0,Obama,33.0,Clinton,40.0,2008-02-05
281,MO,2008-01-23,500.0,Obama,31.0,Clinton,44.0,2008-02-05
75,NY,2008-01-23,628.0,Obama,23.0,Clinton,51.0,2008-02-05
197,SC,2008-01-23,400.0,Obama,38.0,Clinton,30.0,2008-01-26
325,SC,2008-01-23,685.0,Obama,45.0,Clinton,29.0,2008-01-26
277,AL,2008-01-23,846.0,McCain,27.0,Huckabee,27.0,2008-02-05
243,FL,2008-01-23,501.0,McCain,22.0,Romney,23.0,2008-01-29
277,FL,2008-01-23,676.0,McCain,23.0,Romney,27.0,2008-01-29
281,IL,2008-01-23,500.0,McCain,31.0,Romney,20.0,2008-02-05
325,MA,2008-01-23,262.0,McCain,29.0,Romney,50.0,2008-02-05
143,MN,2008-01-23,317.0,McCain,41.0,Romney,17.0,2008-02-05
281,MO,2008-01-23,500.0,McCain,31.0,Huckabee,25.0,2008-02-05
9,FL,2008-01-24,600.0,Obama,20.0,Clinton,58.0,2008-01-29
325,FL,2008-01-24,522.0,Obama,30.0,Clinton,47.0,2008-01-29
277,MO,2008-01-24,798.0,Obama,24.0,Clinton,43.0,2008-02-05
92,NJ,2008-01-24,500.0,Obama,30.0,Clinton,45.0,2008-02-05
9,SC,2008-01-24,600.0,Obama,39.0,Clinton,36.0,2008-01-26
263,SC,2008-01-24,595.0,Obama,44.0,Clinton,24.0,2008-01-26
325,SC,2008-01-24,606.0,Obama,43.0,Clinton,30.0,2008-01-26
395,SC,2008-01-24,816.0,Obama,41.0,Clinton,26.0,2008-01-26
9,FL,2008-01-24,600.0,McCain,31.0,Romney,26.0,2008-01-29
243,FL,2008-01-24,420.0,McCain,23.0,Romney,23.0,2008-01-29
325,FL,2008-01-24,550.0,McCain,30.0,Romney,28.0,2008-01-29
395,FL,2008-01-24,814.0,McCain,31.0,Romney,28.0,2008-01-29
277,MO,2008-01-24,589.0,McCain,26.0,Huckabee,27.0,2008-02-05
112,CA,2008-01-25,779.0,Obama,35.0,Clinton,47.0,2008-02-05
172,CA,2008-01-25,690.0,Obama,32.0,Clinton,49.0,2008-02-05
112,NY,2008-01-25,767.0,Obama,28.0,Clinton,56.0,2008-02-05
112,CA,2008-01-25,755.0,McCain,35.0,Romney,27.0,2008-02-05
172,CA,2008-01-25,437.0,McCain,39.0,Romney,26.0,2008-02-05
243,FL,2008-01-25,692.0,McCain,24.0,Romney,26.0,2008-01-29
44,AL,2008-01-26,373.0,Obama,40.0,Clinton,35.0,2008-02-05
9,FL,2008-01-26,600.0,Obama,27.0,Clinton,60.0,2008-01-29
75,FL,2008-01-26,508.0,Obama,27.0,Clinton,47.0,2008-01-29
267,FL,2008-01-26,481.0,Obama,30.0,Clinton,50.0,2008-01-29
277,FL,2008-01-26,437.0,Obama,25.0,Clinton,44.0,2008-01-29
320,FL,2008-01-26,600.0,Obama,36.0,Clinton,49.0,2008-01-29
300,GA,2008-01-26,500.0,Obama,35.0,Clinton,33.0,2008-02-05
44,AL,2008-01-26,397.0,McCain,28.0,Huckabee,24.0,2008-02-05
9,FL,2008-01-26,600.0,McCain,32.0,Romney,33.0,2008-01-29
75,FL,2008-01-26,492.0,McCain,23.0,Romney,36.0,2008-01-29
243,FL,2008-01-26,657.0,McCain,25.0,Romney,25.0,2008-01-29
267,FL,2008-01-26,585.0,McCain,32.0,Romney,31.0,2008-01-29
277,FL,2008-01-26,500.0,McCain,27.0,Romney,33.0,2008-01-29
320,FL,2008-01-26,600.0,McCain,27.0,Romney,26.0,2008-01-29
323,FL,2008-01-26,400.0,McCain,30.0,Romney,27.0,2008-01-29
325,CA,2008-01-27,888.0,Obama,38.0,Clinton,49.0,2008-02-05
277,CT,2008-01-27,899.0,Obama,40.0,Clinton,40.0,2008-02-05
277,FL,2008-01-27,474.0,Obama,25.0,Clinton,47.0,2008-01-29
325,FL,2008-01-27,564.0,Obama,29.0,Clinton,49.0,2008-01-29
230,NM,2008-01-27,207.0,Obama,48.0,Clinton,42.0,2008-02-05
325,OK,2008-01-27,714.0,Obama,19.0,Clinton,44.0,2008-02-05
325,CA,2008-01-27,506.0,McCain,37.0,Romney,25.0,2008-02-05
277,CT,2008-01-27,492.0,McCain,42.0,Romney,26.0,2008-02-05
263,FL,2008-01-27,680.0,McCain,28.0,Romney,35.0,2008-01-29
277,FL,2008-01-27,578.0,McCain,31.0,Romney,31.0,2008-01-29
325,OK,2008-01-27,502.0,McCain,37.0,Huckabee,28.0,2008-02-05
9,FL,2008-01-28,600.0,Obama,27.0,Clinton,57.0,2008-01-29
213,FL,2008-01-28,906.0,Obama,25.0,Clinton,52.0,2008-01-29
325,FL,2008-01-28,903.0,Obama,28.0,Clinton,52.0,2008-01-29
277,MA,2008-01-28,1023.0,Obama,37.0,Clinton,43.0,2008-02-05
263,TN,2008-01-28,753.0,Obama,32.0,Clinton,43.0,2008-02-05
9,FL,2008-01-28,600.0,McCain,32.0,Romney,34.0,2008-01-29
213,FL,2008-01-28,964.0,McCain,32.0,Romney,34.0,2008-01-29
243,FL,2008-01-28,813.0,McCain,31.0,Romney,30.0,2008-01-29
325,FL,2008-01-28,979.0,McCain,32.0,Romney,31.0,2008-01-29
395,FL,2008-01-28,941.0,McCain,35.0,Romney,31.0,2008-01-29
263,TN,2008-01-28,1093.0,McCain,26.0,Huckabee,30.0,2008-02-05
94,CA,2008-01-29,511.0,Obama,34.0,Clinton,36.0,2008-02-05
277,CA,2008-01-29,807.0,Obama,40.0,Clinton,43.0,2008-02-05
277,IL,2008-01-29,631.0,Obama,60.0,Clinton,24.0,2008-02-05
263,NY,2008-01-29,837.0,Obama,33.0,Clinton,45.0,2008-02-05
308,OK,2008-01-29,405.0,Obama,17.0,Clinton,41.0,2008-02-05
63,TN,2008-01-29,402.0,Obama,31.0,Clinton,36.0,2008-02-05
94,CA,2008-01-29,481.0,McCain,32.0,Romney,24.0,2008-02-05
277,CA,2008-01-29,652.0,McCain,32.0,Romney,28.0,2008-02-05
277,IL,2008-01-29,504.0,McCain,34.0,Romney,26.0,2008-02-05
308,OK,2008-01-29,290.0,McCain,40.0,Huckabee,19.0,2008-02-05
63,TN,2008-01-29,409.0,McCain,23.0,Huckabee,24.0,2008-02-05
243,GA,2008-01-30,301.0,Obama,52.0,Clinton,36.0,2008-02-05
263,GA,2008-01-30,437.0,Obama,51.0,Clinton,35.0,2008-02-05
325,MA,2008-01-30,575.0,Obama,33.0,Clinton,57.0,2008-02-05
277,NJ,2008-01-30,785.0,Obama,37.0,Clinton,49.0,2008-02-05
243,TN,2008-01-30,463.0,Obama,26.0,Clinton,59.0,2008-02-05
277,TN,2008-01-30,448.0,Obama,35.0,Clinton,49.0,2008-02-05
243,GA,2008-01-30,362.0,McCain,35.0,Huckabee,24.0,2008-02-05
263,GA,2008-01-30,862.0,McCain,31.0,Huckabee,24.0,2008-02-05
325,MA,2008-01-30,297.0,McCain,34.0,Romney,57.0,2008-02-05
277,NJ,2008-01-30,591.0,McCain,43.0,Romney,29.0,2008-02-05
243,TN,2008-01-30,375.0,McCain,33.0,Huckabee,25.0,2008-02-05
277,TN,2008-01-30,531.0,McCain,32.0,Huckabee,23.0,2008-02-05
44,AL,2008-01-31,358.0,Obama,40.0,Clinton,42.0,2008-02-05
243,AL,2008-01-31,424.0,Obama,40.0,Clinton,46.0,2008-02-05
277,AL,2008-01-31,576.0,Obama,41.0,Clinton,46.0,2008-02-05
325,AL,2008-01-31,586.0,Obama,47.0,Clinton,47.0,2008-02-05
197,AZ,2008-01-31,400.0,Obama,41.0,Clinton,43.0,2008-02-05
277,AZ,2008-01-31,537.0,Obama,39.0,Clinton,45.0,2008-02-05
197,CA,2008-01-31,400.0,Obama,36.0,Clinton,45.0,2008-02-05
9,CT,2008-01-31,600.0,Obama,35.0,Clinton,48.0,2008-02-05
325,CT,2008-01-31,679.0,Obama,48.0,Clinton,44.0,2008-02-05
197,GA,2008-01-31,400.0,Obama,47.0,Clinton,41.0,2008-02-05
9,IL,2008-01-31,600.0,Obama,51.0,Clinton,40.0,2008-02-05
187,IL,2008-01-31,500.0,Obama,55.0,Clinton,24.0,2008-02-05
197,MO,2008-01-31,400.0,Obama,41.0,Clinton,47.0,2008-02-05
277,MO,2008-01-31,507.0,Obama,38.0,Clinton,47.0,2008-02-05
325,MO,2008-01-31,664.0,Obama,44.0,Clinton,48.0,2008-02-05
126,NJ,2008-01-31,600.0,Obama,38.0,Clinton,44.0,2008-02-05
197,NJ,2008-01-31,400.0,Obama,39.0,Clinton,46.0,2008-02-05
215,NJ,2008-01-31,718.0,Obama,36.0,Clinton,50.0,2008-02-05
325,NJ,2008-01-31,642.0,Obama,39.0,Clinton,51.0,2008-02-05
183,NY,2008-01-31,409.0,Obama,38.0,Clinton,54.0,2008-02-05
325,NY,2008-01-31,950.0,Obama,38.0,Clinton,54.0,2008-02-05
44,AL,2008-01-31,371.0,McCain,42.0,Huckabee,28.0,2008-02-05
243,AL,2008-01-31,566.0,McCain,37.0,Huckabee,35.0,2008-02-05
277,AL,2008-01-31,890.0,McCain,38.0,Huckabee,30.0,2008-02-05
325,AL,2008-01-31,586.0,McCain,40.0,Huckabee,31.0,2008-02-05
277,AZ,2008-01-31,612.0,McCain,43.0,Romney,34.0,2008-02-05
197,CA,2008-01-31,400.0,McCain,40.0,Romney,31.0,2008-02-05
9,CT,2008-01-31,600.0,McCain,43.0,Romney,25.0,2008-02-05
325,CT,2008-01-31,426.0,McCain,53.0,Romney,31.0,2008-02-05
197,GA,2008-01-31,400.0,McCain,33.0,Huckabee,18.0,2008-02-05
9,IL,2008-01-31,600.0,McCain,48.0,Romney,34.0,2008-02-05
187,IL,2008-01-31,500.0,McCain,43.0,Romney,20.0,2008-02-05
9,MO,2008-01-31,600.0,McCain,29.0,Huckabee,31.0,2008-02-05
197,MO,2008-01-31,400.0,McCain,37.0,Huckabee,27.0,2008-02-05
277,MO,2008-01-31,593.0,McCain,32.0,Huckabee,29.0,2008-02-05
325,MO,2008-01-31,505.0,McCain,34.0,Huckabee,28.0,2008-02-05
197,NJ,2008-01-31,400.0,McCain,46.0,Romney,31.0,2008-02-05
215,NJ,2008-01-31,555.0,McCain,55.0,Romney,23.0,2008-02-05
325,NJ,2008-01-31,456.0,McCain,48.0,Romney,25.0,2008-02-05
183,NY,2008-01-31,181.0,McCain,61.0,Romney,24.0,2008-02-05
325,NY,2008-01-31,462.0,McCain,55.0,Romney,21.0,2008-02-05
70,UT,2008-01-31,225.0,McCain,4.0,Romney,84.0,2008-02-05
323,CA,2008-02-01,700.0,Obama,40.0,Clinton,39.0,2008-02-05
395,CA,2008-02-01,1141.0,Obama,45.0,Clinton,41.0,2008-02-05
9,DE,2008-02-01,600.0,Obama,42.0,Clinton,44.0,2008-02-05
395,GA,2008-02-01,940.0,Obama,48.0,Clinton,28.0,2008-02-05
9,MO,2008-02-01,600.0,Obama,44.0,Clinton,42.0,2008-02-05
267,NJ,2008-02-01,463.0,Obama,43.0,Clinton,48.0,2008-02-05
267,NY,2008-02-01,517.0,Obama,39.0,Clinton,53.0,2008-02-05
277,NY,2008-02-01,799.0,Obama,34.0,Clinton,52.0,2008-02-05
70,UT,2008-02-01,225.0,Obama,53.0,Clinton,29.0,2008-02-05
323,CA,2008-02-01,500.0,McCain,39.0,Romney,32.0,2008-02-05
9,DE,2008-02-01,600.0,McCain,41.0,Romney,35.0,2008-02-05
267,NJ,2008-02-01,350.0,McCain,52.0,Romney,30.0,2008-02-05
267,NY,2008-02-01,370.0,McCain,54.0,Romney,22.0,2008-02-05
277,NY,2008-02-01,524.0,McCain,49.0,Romney,30.0,2008-02-05
9,CA,2008-02-02,600.0,Obama,39.0,Clinton,47.0,2008-02-05
277,CA,2008-02-02,798.0,Obama,45.0,Clinton,44.0,2008-02-05
395,CA,2008-02-02,967.0,Obama,46.0,Clinton,40.0,2008-02-05
243,GA,2008-02-02,342.0,Obama,51.0,Clinton,36.0,2008-02-05
277,GA,2008-02-02,524.0,Obama,52.0,Clinton,37.0,2008-02-05
320,GA,2008-02-02,600.0,Obama,49.0,Clinton,27.0,2008-02-05
395,GA,2008-02-02,864.0,Obama,48.0,Clinton,31.0,2008-02-05
323,MA,2008-02-02,400.0,Obama,46.0,Clinton,44.0,2008-02-05
320,NJ,2008-02-02,600.0,Obama,41.0,Clinton,47.0,2008-02-05
243,TN,2008-02-02,485.0,Obama,35.0,Clinton,55.0,2008-02-05
263,TN,2008-02-02,1251.0,Obama,34.0,Clinton,56.0,2008-02-05
9,CA,2008-02-02,600.0,McCain,32.0,Romney,33.0,2008-02-05
277,CA,2008-02-02,693.0,McCain,38.0,Romney,38.0,2008-02-05
243,GA,2008-02-02,388.0,McCain,29.0,Huckabee,28.0,2008-02-05
277,GA,2008-02-02,783.0,McCain,31.0,Huckabee,28.0,2008-02-05
320,GA,2008-02-02,600.0,McCain,31.0,Huckabee,26.0,2008-02-05
323,MA,2008-02-02,400.0,McCain,37.0,Romney,50.0,2008-02-05
320,NJ,2008-02-02,600.0,McCain,55.0,Romney,25.0,2008-02-05
243,TN,2008-02-02,474.0,McCain,32.0,Huckabee,30.0,2008-02-05
263,TN,2008-02-02,1116.0,McCain,34.0,Huckabee,28.0,2008-02-05
243,AL,2008-02-03,465.0,Obama,45.0,Clinton,44.0,2008-02-05
325,AL,2008-02-03,638.0,Obama,49.0,Clinton,47.0,2008-02-05
325,CA,2008-02-03,853.0,Obama,41.0,Clinton,53.0,2008-02-05
325,CT,2008-02-03,635.0,Obama,48.0,Clinton,46.0,2008-02-05
263,GA,2008-02-03,1017.0,Obama,53.0,Clinton,37.0,2008-02-05
395,GA,2008-02-03,865.0,Obama,49.0,Clinton,29.0,2008-02-05
325,IL,2008-02-03,1010.0,Obama,66.0,Clinton,30.0,2008-02-05
325,MA,2008-02-03,651.0,Obama,39.0,Clinton,56.0,2008-02-05
325,MO,2008-02-03,671.0,Obama,43.0,Clinton,54.0,2008-02-05
395,MO,2008-02-03,860.0,Obama,45.0,Clinton,42.0,2008-02-05
325,NJ,2008-02-03,706.0,Obama,41.0,Clinton,52.0,2008-02-05
395,NJ,2008-02-03,872.0,Obama,41.0,Clinton,46.0,2008-02-05
263,NY,2008-02-03,747.0,Obama,32.0,Clinton,51.0,2008-02-05
325,NY,2008-02-03,774.0,Obama,38.0,Clinton,56.0,2008-02-05
325,OK,2008-02-03,673.0,Obama,27.0,Clinton,54.0,2008-02-05
325,WA,2008-02-03,575.0,Obama,53.0,Clinton,40.0,2008-02-19
243,AL,2008-02-03,566.0,McCain,29.0,Huckabee,38.0,2008-02-05
325,AL,2008-02-03,619.0,McCain,37.0,Huckabee,35.0,2008-02-05
395,CA,2008-02-03,833.0,McCain,33.0,Romney,40.0,2008-02-05
325,CT,2008-02-03,333.0,McCain,52.0,Romney,30.0,2008-02-05
243,GA,2008-02-03,465.0,McCain,32.0,Huckabee,26.0,2008-02-05
263,GA,2008-02-03,1263.0,McCain,31.0,Huckabee,27.0,2008-02-05
325,IL,2008-02-03,441.0,McCain,46.0,Romney,25.0,2008-02-05
325,MA,2008-02-03,275.0,McCain,37.0,Romney,58.0,2008-02-05
325,MO,2008-02-03,542.0,McCain,33.0,Huckabee,31.0,2008-02-05
395,MO,2008-02-03,860.0,McCain,34.0,Huckabee,27.0,2008-02-05
325,NJ,2008-02-03,467.0,McCain,54.0,Romney,25.0,2008-02-05
395,NJ,2008-02-03,862.0,McCain,53.0,Romney,24.0,2008-02-05
263,NY,2008-02-03,780.0,McCain,49.0,Romney,24.0,2008-02-05
325,NY,2008-02-03,356.0,McCain,56.0,Romney,23.0,2008-02-05
395,NY,2008-02-03,836.0,McCain,56.0,Romney,20.0,2008-02-05
325,OK,2008-02-03,445.0,McCain,37.0,Huckabee,32.0,2008-02-05
325,WA,2008-02-03,409.0,McCain,40.0,Huckabee,17.0,2008-02-19
243,AL,2008-02-04,435.0,Obama,45.0,Clinton,43.0,2008-02-05
9,CA,2008-02-04,600.0,Obama,45.0,Clinton,49.0,2008-02-05
325,CA,2008-02-04,872.0,Obama,42.0,Clinton,52.0,2008-02-05
395,CA,2008-02-04,895.0,Obama,49.0,Clinton,36.0,2008-02-05
277,NJ,2008-02-04,835.0,Obama,43.0,Clinton,49.0,2008-02-05
9,TN,2008-02-04,600.0,Obama,37.0,Clinton,59.0,2008-02-05
9,CA,2008-02-04,600.0,McCain,35.0,Romney,37.0,2008-02-05
325,CA,2008-02-04,556.0,McCain,39.0,Romney,38.0,2008-02-05
243,GA,2008-02-04,1212.0,McCain,32.0,Huckabee,32.0,2008-02-05
9,TN,2008-02-04,600.0,McCain,30.0,Huckabee,36.0,2008-02-05
277,MD,2008-02-06,925.0,Obama,57.0,Clinton,31.0,2008-02-12
325,WA,2008-02-06,221.0,McCain,32.0,Huckabee,24.0,2008-02-09
325,VA,2008-02-06,237.0,McCain,45.0,Huckabee,20.0,2008-02-12
243,VA,2008-02-07,501.0,Obama,52.0,Clinton,37.0,2008-02-12
277,VA,2008-02-07,719.0,Obama,55.0,Clinton,37.0,2008-02-12
9,WI,2008-02-07,600.0,Obama,41.0,Clinton,50.0,2008-02-19
325,MD,2008-02-07,360.0,McCain,56.0,Huckabee,17.0,2008-02-12
9,WI,2008-02-07,600.0,McCain,51.0,Huckabee,29.0,2008-02-19
58,MD,2008-02-08,6486.0,Obama,53.0,Clinton,36.0,2008-02-12
197,MD,2008-02-08,400.0,Obama,53.0,Clinton,35.0,2008-02-12
325,MD,2008-02-08,737.0,Obama,52.0,Clinton,33.0,2008-02-12
58,VA,2008-02-08,6596.0,Obama,51.0,Clinton,34.0,2008-02-12
197,VA,2008-02-08,400.0,Obama,53.0,Clinton,37.0,2008-02-12
325,VA,2008-02-08,588.0,Obama,59.0,Clinton,39.0,2008-02-12
325,WA,2008-02-08,598.0,Obama,50.0,Clinton,45.0,2008-02-19
197,MD,2008-02-08,400.0,McCain,54.0,Huckabee,23.0,2008-02-12
197,VA,2008-02-08,400.0,McCain,55.0,Huckabee,27.0,2008-02-12
325,VA,2008-02-08,382.0,McCain,57.0,Huckabee,25.0,2008-02-12
325,WA,2008-02-08,433.0,McCain,54.0,Huckabee,25.0,2008-02-19
9,MD,2008-02-09,600.0,Obama,55.0,Clinton,37.0,2008-02-12
9,VA,2008-02-09,600.0,Obama,56.0,Clinton,38.0,2008-02-12
320,WI,2008-02-09,800.0,Obama,45.0,Clinton,41.0,2008-02-19
9,MD,2008-02-09,600.0,McCain,50.0,Huckabee,25.0,2008-02-12
9,VA,2008-02-09,600.0,McCain,54.0,Huckabee,32.0,2008-02-12
320,WI,2008-02-09,800.0,McCain,45.0,Huckabee,27.0,2008-02-19
325,MD,2008-02-10,774.0,Obama,55.0,Clinton,32.0,2008-02-12
325,VA,2008-02-10,596.0,Obama,60.0,Clinton,38.0,2008-02-12
325,MD,2008-02-10,368.0,McCain,52.0,Huckabee,26.0,2008-02-12
325,VA,2008-02-10,385.0,McCain,48.0,Huckabee,37.0,2008-02-12
263,WI,2008-02-11,642.0,Obama,50.0,Clinton,39.0,2008-02-19
263,WI,2008-02-11,700.0,McCain,53.0,Huckabee,32.0,2008-02-19
261,TX,2008-02-12,400.0,Obama,41.0,Clinton,49.0,2008-03-04
261,TX,2008-02-12,400.0,McCain,45.0,Huckabee,41.0,2008-03-04
277,OH,2008-02-13,754.0,Obama,37.0,Clinton,51.0,2008-03-04
277,WI,2008-02-13,855.0,Obama,47.0,Clinton,43.0,2008-02-19
277,OH,2008-02-13,668.0,McCain,50.0,Huckabee,33.0,2008-03-04
9,TX,2008-02-14,600.0,Obama,48.0,Clinton,42.0,2008-03-04
243,TX,2008-02-14,403.0,Obama,41.0,Clinton,48.0,2008-03-04
277,TX,2008-02-14,577.0,Obama,38.0,Clinton,54.0,2008-03-04
281,WI,2008-02-14,400.0,Obama,47.0,Clinton,42.0,2008-02-19
9,TX,2008-02-14,600.0,McCain,42.0,Huckabee,36.0,2008-03-04
281,WI,2008-02-14,400.0,McCain,48.0,Huckabee,32.0,2008-02-19
37,TX,2008-02-16,529.0,Obama,48.0,Clinton,50.0,2008-03-04
9,WI,2008-02-16,600.0,Obama,43.0,Clinton,49.0,2008-02-19
37,TX,2008-02-16,553.0,McCain,55.0,Huckabee,32.0,2008-03-04
9,WI,2008-02-16,600.0,McCain,46.0,Huckabee,42.0,2008-02-19
325,TX,2008-02-17,660.0,Obama,45.0,Clinton,50.0,2008-03-04
263,WI,2008-02-17,822.0,Obama,53.0,Clinton,40.0,2008-02-19
277,TX,2008-02-17,796.0,McCain,45.0,Huckabee,37.0,2008-03-04
325,TX,2008-02-17,505.0,McCain,50.0,Huckabee,37.0,2008-03-04
263,WI,2008-02-17,654.0,McCain,50.0,Huckabee,39.0,2008-02-19
3,OH,2008-02-18,611.0,Obama,43.0,Clinton,50.0,2008-03-04
325,OH,2008-02-18,773.0,Obama,43.0,Clinton,52.0,2008-03-04
3,TX,2008-02-18,603.0,Obama,47.0,Clinton,48.0,2008-03-04
58,TX,2008-02-18,822.0,Obama,45.0,Clinton,46.0,2008-03-04
9,WI,2008-02-18,600.0,Obama,52.0,Clinton,42.0,2008-02-19
325,OH,2008-02-18,478.0,McCain,61.0,Huckabee,29.0,2008-03-04
58,TX,2008-02-18,1089.0,McCain,52.0,Huckabee,30.0,2008-03-04
9,WI,2008-02-18,600.0,McCain,51.0,Huckabee,43.0,2008-02-19
146,TX,2008-02-20,582.0,Obama,45.0,Clinton,50.0,2008-03-04
277,TX,2008-02-20,577.0,Obama,44.0,Clinton,47.0,2008-03-04
281,VT,2008-02-20,400.0,Obama,53.0,Clinton,39.0,2008-03-04
146,TX,2008-02-20,612.0,McCain,54.0,Huckabee,29.0,2008-03-04
277,TX,2008-02-20,762.0,McCain,46.0,Huckabee,37.0,2008-03-04
281,VT,2008-02-20,400.0,McCain,52.0,Huckabee,32.0,2008-03-04
267,OH,2008-02-21,741.0,Obama,40.0,Clinton,51.0,2008-03-04
277,OH,2008-02-21,902.0,Obama,40.0,Clinton,48.0,2008-03-04
9,RI,2008-02-21,600.0,Obama,40.0,Clinton,52.0,2008-03-04
9,VT,2008-02-21,600.0,Obama,60.0,Clinton,34.0,2008-03-04
277,OH,2008-02-21,730.0,McCain,57.0,Huckabee,30.0,2008-03-04
9,RI,2008-02-21,600.0,McCain,65.0,Huckabee,18.0,2008-03-04
9,VT,2008-02-21,600.0,McCain,73.0,Huckabee,9.0,2008-03-04
346,OH,2008-02-23,529.0,Obama,39.0,Clinton,47.0,2008-03-04
277,RI,2008-02-23,646.0,Obama,48.0,Clinton,53.0,2008-03-04
346,OH,2008-02-23,312.0,McCain,55.0,Huckabee,20.0,2008-03-04
37,TX,2008-02-23,751.0,McCain,56.0,Huckabee,31.0,2008-03-04
9,OH,2008-02-24,600.0,Obama,39.0,Clinton,49.0,2008-03-04
263,OH,2008-02-24,600.0,Obama,46.0,Clinton,50.0,2008-03-04
9,TX,2008-02-24,600.0,Obama,50.0,Clinton,42.0,2008-03-04
37,TX,2008-02-24,861.0,Obama,50.0,Clinton,46.0,2008-03-04
263,TX,2008-02-24,434.0,Obama,48.0,Clinton,48.0,2008-03-04
277,TX,2008-02-24,646.0,Obama,45.0,Clinton,46.0,2008-03-04
325,TX,2008-02-24,704.0,Obama,49.0,Clinton,45.0,2008-03-04
277,VT,2008-02-24,1013.0,Obama,57.0,Clinton,33.0,2008-03-04
9,OH,2008-02-24,600.0,McCain,51.0,Huckabee,40.0,2008-03-04
263,OH,2008-02-24,430.0,McCain,55.0,Huckabee,30.0,2008-03-04
9,TX,2008-02-24,600.0,McCain,45.0,Huckabee,41.0,2008-03-04
263,TX,2008-02-24,423.0,McCain,52.0,Huckabee,36.0,2008-03-04
277,TX,2008-02-24,873.0,McCain,52.0,Huckabee,31.0,2008-03-04
325,TX,2008-02-24,484.0,McCain,56.0,Huckabee,32.0,2008-03-04
277,VT,2008-02-24,514.0,McCain,68.0,Huckabee,17.0,2008-03-04
277,OH,2008-02-25,862.0,Obama,43.0,Clinton,48.0,2008-03-04
325,OH,2008-02-25,790.0,Obama,44.0,Clinton,50.0,2008-03-04
58,TX,2008-02-25,822.0,Obama,50.0,Clinton,47.0,2008-03-04
243,TX,2008-02-25,592.0,Obama,47.0,Clinton,46.0,2008-03-04
264,TX,2008-02-25,507.0,Obama,43.0,Clinton,46.0,2008-03-04
277,OH,2008-02-25,704.0,McCain,55.0,Huckabee,29.0,2008-03-04
325,OH,2008-02-25,456.0,McCain,59.0,Huckabee,28.0,2008-03-04
58,TX,2008-02-25,1089.0,McCain,57.0,Huckabee,30.0,2008-03-04
264,TX,2008-02-25,293.0,McCain,59.0,Huckabee,29.0,2008-03-04
96,RI,2008-02-26,401.0,Obama,40.0,Clinton,49.0,2008-03-04
104,OH,2008-02-27,600.0,Obama,38.0,Clinton,46.0,2008-03-04
395,OH,2008-02-27,708.0,Obama,42.0,Clinton,44.0,2008-03-04
104,TX,2008-02-27,600.0,Obama,48.0,Clinton,45.0,2008-03-04
243,TX,2008-02-27,591.0,Obama,43.0,Clinton,47.0,2008-03-04
264,TX,2008-02-27,721.0,Obama,45.0,Clinton,46.0,2008-03-04
277,TX,2008-02-27,503.0,Obama,48.0,Clinton,44.0,2008-03-04
395,TX,2008-02-27,704.0,Obama,48.0,Clinton,42.0,2008-03-04
395,OH,2008-02-27,592.0,McCain,62.0,Huckabee,19.0,2008-03-04
264,TX,2008-02-27,479.0,McCain,59.0,Huckabee,27.0,2008-03-04
277,TX,2008-02-27,530.0,McCain,54.0,Huckabee,34.0,2008-03-04
395,TX,2008-02-27,605.0,McCain,53.0,Huckabee,27.0,2008-03-04
9,OH,2008-02-28,600.0,Obama,45.0,Clinton,50.0,2008-03-04
197,OH,2008-02-28,625.0,Obama,43.0,Clinton,47.0,2008-03-04
277,OH,2008-02-28,851.0,Obama,45.0,Clinton,47.0,2008-03-04
9,TX,2008-02-28,600.0,Obama,51.0,Clinton,44.0,2008-03-04
197,TX,2008-02-28,625.0,Obama,46.0,Clinton,45.0,2008-03-04
9,OH,2008-02-28,600.0,McCain,63.0,Huckabee,21.0,2008-03-04
9,TX,2008-02-28,600.0,McCain,62.0,Huckabee,23.0,2008-03-04
267,OH,2008-02-29,799.0,Obama,44.0,Clinton,49.0,2008-03-04
35,RI,2008-02-29,402.0,Obama,37.0,Clinton,42.0,2008-03-04
9,OH,2008-03-01,600.0,Obama,44.0,Clinton,51.0,2008-03-04
346,OH,2008-03-01,613.0,Obama,42.0,Clinton,51.0,2008-03-04
9,TX,2008-03-01,600.0,Obama,47.0,Clinton,47.0,2008-03-04
146,TX,2008-03-01,1162.0,Obama,46.0,Clinton,49.0,2008-03-04
264,TX,2008-03-01,728.0,Obama,45.0,Clinton,46.0,2008-03-04
9,OH,2008-03-01,600.0,McCain,59.0,Huckabee,26.0,2008-03-04
346,OH,2008-03-01,319.0,McCain,53.0,Huckabee,24.0,2008-03-04
9,TX,2008-03-01,600.0,McCain,61.0,Huckabee,26.0,2008-03-04
146,TX,2008-03-01,772.0,McCain,54.0,Huckabee,38.0,2008-03-04
264,TX,2008-03-01,472.0,McCain,55.0,Huckabee,35.0,2008-03-04
263,OH,2008-03-02,1112.0,Obama,42.0,Clinton,51.0,2008-03-04
277,OH,2008-03-02,858.0,Obama,44.0,Clinton,50.0,2008-03-04
323,OH,2008-03-02,400.0,Obama,40.0,Clinton,52.0,2008-03-04
325,OH,2008-03-02,873.0,Obama,44.0,Clinton,54.0,2008-03-04
395,OH,2008-03-02,828.0,Obama,44.0,Clinton,44.0,2008-03-04
243,TX,2008-03-02,609.0,Obama,44.0,Clinton,49.0,2008-03-04
263,TX,2008-03-02,755.0,Obama,44.0,Clinton,50.0,2008-03-04
277,TX,2008-03-02,710.0,Obama,48.0,Clinton,47.0,2008-03-04
325,TX,2008-03-02,840.0,Obama,49.0,Clinton,48.0,2008-03-04
395,TX,2008-03-02,855.0,Obama,44.0,Clinton,47.0,2008-03-04
263,OH,2008-03-02,612.0,McCain,50.0,Huckabee,33.0,2008-03-04
325,OH,2008-03-02,455.0,McCain,58.0,Huckabee,29.0,2008-03-04
395,OH,2008-03-02,712.0,McCain,59.0,Huckabee,29.0,2008-03-04
263,TX,2008-03-02,643.0,McCain,50.0,Huckabee,38.0,2008-03-04
325,TX,2008-03-02,466.0,McCain,53.0,Huckabee,36.0,2008-03-04
395,TX,2008-03-02,704.0,McCain,57.0,Huckabee,29.0,2008-03-04
9,OH,2008-03-03,600.0,Obama,42.0,Clinton,56.0,2008-03-04
9,TX,2008-03-03,600.0,Obama,47.0,Clinton,50.0,2008-03-04
9,OH,2008-03-03,600.0,McCain,59.0,Huckabee,28.0,2008-03-04
9,TX,2008-03-03,600.0,McCain,57.0,Huckabee,33.0,2008-03-04
277,MS,2008-03-05,816.0,Obama,53.0,Clinton,39.0,2008-03-11
9,MS,2008-03-06,600.0,Obama,58.0,Clinton,34.0,2008-03-11
243,MS,2008-03-06,412.0,Obama,46.0,Clinton,40.0,2008-03-11
243,MS,2008-03-09,338.0,Obama,54.0,Clinton,37.0,2008-03-11
9,MS,2008-03-10,600.0,Obama,54.0,Clinton,38.0,2008-03-11
263,PA,2008-04-01,1224.0,Obama,45.0,Clinton,43.0,2008-04-22
243,PA,2008-04-02,659.0,Obama,42.0,Clinton,45.0,2008-04-22
336,PA,2008-04-03,583.0,Obama,41.0,Clinton,47.0,2008-04-22
7,PA,2008-04-04,676.0,Obama,41.0,Clinton,49.0,2008-04-22
267,PA,2008-04-05,1340.0,Obama,44.0,Clinton,50.0,2008-04-22
320,PA,2008-04-05,1200.0,Obama,42.0,Clinton,47.0,2008-04-22
9,PA,2008-04-06,600.0,Obama,45.0,Clinton,45.0,2008-04-22
325,PA,2008-04-06,597.0,Obama,38.0,Clinton,56.0,2008-04-22
277,PA,2008-04-07,730.0,Obama,43.0,Clinton,48.0,2008-04-22
243,PA,2008-04-08,681.0,Obama,38.0,Clinton,48.0,2008-04-22
263,PA,2008-04-08,1124.0,Obama,43.0,Clinton,46.0,2008-04-22
326,PA,2008-04-08,500.0,Obama,37.0,Clinton,40.0,2008-04-22
395,PA,2008-04-10,1002.0,Obama,43.0,Clinton,47.0,2008-04-22
106,PA,2008-04-11,367.0,Obama,42.0,Clinton,49.0,2008-04-22
267,PA,2008-04-11,2103.0,Obama,44.0,Clinton,50.0,2008-04-22
9,PA,2008-04-12,600.0,Obama,37.0,Clinton,57.0,2008-04-22
172,PA,2008-04-12,623.0,Obama,41.0,Clinton,46.0,2008-04-22
320,PA,2008-04-12,1200.0,Obama,40.0,Clinton,49.0,2008-04-22
325,PA,2008-04-13,638.0,Obama,40.0,Clinton,54.0,2008-04-22
277,PA,2008-04-14,741.0,Obama,41.0,Clinton,50.0,2008-04-22
325,IN,2008-04-15,578.0,Obama,50.0,Clinton,45.0,2008-05-06
9,NC,2008-04-15,600.0,Obama,52.0,Clinton,41.0,2008-05-06
263,PA,2008-04-15,1095.0,Obama,45.0,Clinton,42.0,2008-04-22
277,PA,2008-04-17,730.0,Obama,44.0,Clinton,47.0,2008-04-22
395,PA,2008-04-17,602.0,Obama,43.0,Clinton,47.0,2008-04-22
9,PA,2008-04-18,600.0,Obama,41.0,Clinton,54.0,2008-04-22
197,PA,2008-04-18,625.0,Obama,43.0,Clinton,48.0,2008-04-22
267,PA,2008-04-19,1027.0,Obama,44.0,Clinton,51.0,2008-04-22
320,PA,2008-04-19,1200.0,Obama,41.0,Clinton,48.0,2008-04-22
325,PA,2008-04-19,710.0,Obama,44.0,Clinton,50.0,2008-04-22
395,PA,2008-04-19,607.0,Obama,43.0,Clinton,46.0,2008-04-22
263,NC,2008-04-20,962.0,Obama,57.0,Clinton,32.0,2008-05-06
325,NC,2008-04-20,734.0,Obama,50.0,Clinton,41.0,2008-05-06
243,PA,2008-04-20,747.0,Obama,39.0,Clinton,49.0,2008-04-22
263,PA,2008-04-20,2338.0,Obama,49.0,Clinton,46.0,2008-04-22
277,PA,2008-04-20,722.0,Obama,44.0,Clinton,49.0,2008-04-22
323,PA,2008-04-20,600.0,Obama,42.0,Clinton,52.0,2008-04-22
9,PA,2008-04-21,600.0,Obama,40.0,Clinton,56.0,2008-04-22
243,PA,2008-04-21,712.0,Obama,42.0,Clinton,49.0,2008-04-22
395,PA,2008-04-21,675.0,Obama,41.0,Clinton,51.0,2008-04-22
304,IN,2008-04-22,534.0,Obama,41.0,Clinton,38.0,2008-05-06
9,IN,2008-04-24,600.0,Obama,45.0,Clinton,50.0,2008-05-06
142,IN,2008-04-24,600.0,Obama,47.0,Clinton,45.0,2008-05-06
281,IN,2008-04-24,400.0,Obama,48.0,Clinton,47.0,2008-05-06
325,IN,2008-04-26,628.0,Obama,43.0,Clinton,52.0,2008-05-06
263,IN,2008-04-27,1388.0,Obama,42.0,Clinton,50.0,2008-05-06
335,IN,2008-04-27,943.0,Obama,38.0,Clinton,48.0,2008-05-06
9,NC,2008-04-27,600.0,Obama,52.0,Clinton,42.0,2008-05-06
263,NC,2008-04-27,1121.0,Obama,51.0,Clinton,39.0,2008-05-06
325,NC,2008-04-27,727.0,Obama,49.0,Clinton,44.0,2008-05-06
277,NC,2008-04-28,774.0,Obama,51.0,Clinton,37.0,2008-05-06
277,IN,2008-04-29,400.0,Obama,41.0,Clinton,46.0,2008-05-06
325,IN,2008-04-29,689.0,Obama,45.0,Clinton,52.0,2008-05-06
197,NC,2008-04-29,400.0,Obama,49.0,Clinton,42.0,2008-05-06
243,NC,2008-04-29,571.0,Obama,42.0,Clinton,44.0,2008-05-06
325,OR,2008-04-29,650.0,Obama,50.0,Clinton,44.0,2008-05-20
281,NC,2008-04-30,500.0,Obama,51.0,Clinton,44.0,2008-05-06
9,IN,2008-05-01,600.0,Obama,44.0,Clinton,53.0,2008-05-06
243,IN,2008-05-01,478.0,Obama,40.0,Clinton,47.0,2008-05-06
395,IN,2008-05-01,680.0,Obama,42.0,Clinton,42.0,2008-05-06
9,NC,2008-05-01,600.0,Obama,52.0,Clinton,41.0,2008-05-06
243,NC,2008-05-01,611.0,Obama,49.0,Clinton,44.0,2008-05-06
277,NC,2008-05-01,831.0,Obama,49.0,Clinton,40.0,2008-05-06
395,NC,2008-05-01,668.0,Obama,50.0,Clinton,34.0,2008-05-06
277,OR,2008-05-01,867.0,Obama,51.0,Clinton,39.0,2008-05-20
9,IN,2008-05-03,600.0,Obama,45.0,Clinton,53.0,2008-05-06
325,IN,2008-05-03,675.0,Obama,42.0,Clinton,54.0,2008-05-06
395,IN,2008-05-03,595.0,Obama,43.0,Clinton,41.0,2008-05-06
9,NC,2008-05-03,600.0,Obama,50.0,Clinton,42.0,2008-05-06
325,NC,2008-05-03,810.0,Obama,50.0,Clinton,45.0,2008-05-06
395,NC,2008-05-03,600.0,Obama,48.0,Clinton,39.0,2008-05-06
246,WV,2008-05-03,300.0,Obama,23.0,Clinton,63.0,2008-05-13
243,IN,2008-05-04,502.0,Obama,44.0,Clinton,48.0,2008-05-06
263,IN,2008-05-04,851.0,Obama,46.0,Clinton,51.0,2008-05-06
323,IN,2008-05-04,600.0,Obama,43.0,Clinton,49.0,2008-05-06
325,KY,2008-05-04,595.0,Obama,28.0,Clinton,62.0,2008-05-20
243,NC,2008-05-04,781.0,Obama,48.0,Clinton,45.0,2008-05-06
263,NC,2008-05-04,870.0,Obama,53.0,Clinton,43.0,2008-05-06
277,WV,2008-05-04,840.0,Obama,27.0,Clinton,56.0,2008-05-13
395,IN,2008-05-05,644.0,Obama,45.0,Clinton,43.0,2008-05-06
277,KY,2008-05-05,800.0,Obama,31.0,Clinton,56.0,2008-05-20
243,NC,2008-05-05,774.0,Obama,47.0,Clinton,43.0,2008-05-06
395,NC,2008-05-05,643.0,Obama,51.0,Clinton,37.0,2008-05-06
281,KY,2008-05-08,500.0,Obama,31.0,Clinton,58.0,2008-05-20
9,WV,2008-05-08,600.0,Obama,23.0,Clinton,66.0,2008-05-13
76,OR,2008-05-09,400.0,Obama,55.0,Clinton,35.0,2008-05-20
325,KY,2008-05-10,641.0,Obama,30.0,Clinton,62.0,2008-05-20
325,OR,2008-05-10,615.0,Obama,54.0,Clinton,43.0,2008-05-20
263,OR,2008-05-11,949.0,Obama,53.0,Clinton,39.0,2008-05-20
323,WV,2008-05-11,600.0,Obama,24.0,Clinton,60.0,2008-05-13
9,KY,2008-05-15,600.0,Obama,29.0,Clinton,65.0,2008-05-20
9,OR,2008-05-15,600.0,Obama,50.0,Clinton,45.0,2008-05-20
325,KY,2008-05-17,629.0,Obama,31.0,Clinton,62.0,2008-05-20
325,OR,2008-05-17,627.0,Obama,55.0,Clinton,42.0,2008-05-20
323,KY,2008-05-18,600.0,Obama,25.0,Clinton,51.0,2008-05-20
263,OR,2008-05-18,1296.0,Obama,58.0,Clinton,39.0,2008-05-20
323,OR,2008-05-18,600.0,Obama,45.0,Clinton,41.0,2008-05-20
197,MT,2008-05-20,191.0,Obama,52.0,Clinton,35.0,2008-06-03
9,MT,2008-06-01,600.0,Obama,48.0,Clinton,44.0,2008-06-03
9,SD,2008-06-01,600.0,Obama,34.0,Clinton,60.0,2008-06-03
153,IA,2011-12-13,333.0,Santorum,5.0,Romney,18.0,2012-01-03
277,IA,2011-12-13,750.0,Santorum,6.0,Romney,23.0,2012-01-03
263,IA,2011-12-17,597.0,Santorum,10.0,Romney,20.0,2012-01-03
243,IA,2011-12-18,391.0,Santorum,3.0,Romney,18.0,2012-01-03
277,IA,2011-12-19,750.0,Santorum,10.0,Romney,25.0,2012-01-03
376,IA,2011-12-20,1250.0,Santorum,9.0,Romney,18.0,2012-01-03
9,IA,2011-12-21,600.0,Santorum,4.0,Romney,20.0,2012-01-03
37,IA,2011-12-24,452.0,Santorum,16.0,Romney,25.0,2012-01-03
9,IA,2011-12-27,600.0,Santorum,11.0,Romney,22.0,2012-01-03
263,IA,2011-12-27,565.0,Santorum,10.0,Romney,20.0,2012-01-03
183,IA,2011-12-28,433.0,Santorum,15.0,Romney,23.0,2012-01-03
243,IA,2011-12-28,429.0,Santorum,13.0,Romney,17.0,2012-01-03
277,IA,2011-12-28,750.0,Santorum,16.0,Romney,23.0,2012-01-03
304,IA,2011-12-29,602.0,Santorum,15.0,Romney,24.0,2012-01-03
376,IA,2011-12-29,889.0,Santorum,17.0,Romney,24.0,2012-01-03
9,IA,2011-12-31,600.0,Santorum,16.0,Romney,22.0,2012-01-03
243,IA,2012-01-01,729.0,Santorum,18.0,Romney,23.0,2012-01-03
263,IA,2012-01-01,1340.0,Santorum,18.0,Romney,19.0,2012-01-03
277,NH,2012-01-04,865.0,Romney,37.0,Paul,19.0,2012-01-10
395,NH,2012-01-04,498.0,Romney,38.0,Paul,24.0,2012-01-10
183,NH,2012-01-05,711.0,Romney,42.0,Paul,22.0,2012-01-10
277,NH,2012-01-05,750.0,Romney,42.0,Paul,18.0,2012-01-10
323,NH,2012-01-05,500.0,Romney,40.0,Paul,17.0,2012-01-10
357,NH,2012-01-05,318.0,Romney,43.0,Paul,18.0,2012-01-10
9,NH,2012-01-07,600.0,Romney,40.0,Paul,16.0,2012-01-10
323,NH,2012-01-07,500.0,Romney,35.0,Paul,20.0,2012-01-10
357,NH,2012-01-07,461.0,Romney,41.0,Paul,17.0,2012-01-10
263,NH,2012-01-08,1771.0,Romney,35.0,Paul,18.0,2012-01-10
277,NH,2012-01-08,722.0,Romney,37.0,Paul,17.0,2012-01-10
9,NH,2012-01-09,600.0,Romney,37.0,Paul,17.0,2012-01-10
323,NH,2012-01-09,500.0,Romney,37.0,Paul,18.0,2012-01-10
277,FL,2012-01-11,750.0,Romney,41.0,Gingrich,19.0,2012-01-31
243,SC,2012-01-11,726.0,Gingrich,21.0,Romney,23.0,2012-01-21
9,SC,2012-01-12,600.0,Gingrich,25.0,Romney,29.0,2012-01-21
154,SC,2012-01-12,398.0,Gingrich,12.0,Romney,37.0,2012-01-21
229,SC,2012-01-12,810.0,Gingrich,23.0,Romney,32.0,2012-01-21
263,SC,2012-01-12,803.0,Gingrich,24.0,Romney,29.0,2012-01-21
277,SC,2012-01-12,750.0,Gingrich,21.0,Romney,28.0,2012-01-21
326,FL,2012-01-13,1266.0,Romney,44.0,Gingrich,20.0,2012-01-31
9,FL,2012-01-14,600.0,Romney,42.0,Gingrich,25.0,2012-01-31
215,SC,2012-01-14,963.0,Gingrich,22.0,Romney,33.0,2012-01-21
37,FL,2012-01-15,391.0,Romney,43.0,Gingrich,18.0,2012-01-31
263,FL,2012-01-15,572.0,Romney,41.0,Gingrich,26.0,2012-01-31
37,SC,2012-01-15,505.0,Gingrich,23.0,Romney,33.0,2012-01-21
243,SC,2012-01-15,720.0,Gingrich,21.0,Romney,32.0,2012-01-21
376,SC,2012-01-15,989.0,Gingrich,18.0,Romney,31.0,2012-01-21
1,SC,2012-01-16,512.0,Gingrich,23.0,Romney,34.0,2012-01-21
277,SC,2012-01-16,750.0,Gingrich,21.0,Romney,35.0,2012-01-21
154,SC,2012-01-17,656.0,Gingrich,23.0,Romney,35.0,2012-01-21
183,SC,2012-01-17,684.0,Gingrich,24.0,Romney,34.0,2012-01-21
9,SC,2012-01-18,600.0,Gingrich,33.0,Romney,32.0,2012-01-21
243,SC,2012-01-18,718.0,Gingrich,32.0,Romney,29.0,2012-01-21
277,SC,2012-01-18,750.0,Gingrich,33.0,Romney,31.0,2012-01-21
333,SC,2012-01-18,600.0,Gingrich,30.0,Romney,37.0,2012-01-21
54,SC,2012-01-19,429.0,Gingrich,32.0,Romney,26.0,2012-01-21
263,SC,2012-01-19,1450.0,Gingrich,37.0,Romney,28.0,2012-01-21
376,SC,2012-01-19,988.0,Gingrich,32.0,Romney,28.0,2012-01-21
391,SC,2012-01-19,339.0,Gingrich,33.0,Romney,29.0,2012-01-21
9,SC,2012-01-20,600.0,Gingrich,40.0,Romney,26.0,2012-01-21
267,FL,2012-01-21,601.0,Romney,36.0,Gingrich,34.0,2012-01-31
243,FL,2012-01-22,557.0,Romney,26.0,Gingrich,34.0,2012-01-31
277,FL,2012-01-22,750.0,Romney,32.0,Gingrich,41.0,2012-01-31
263,MN,2012-01-22,303.0,Santorum,17.0,Paul,13.0,2012-02-07
49,FL,2012-01-23,504.0,Romney,33.0,Gingrich,33.0,2012-01-31
263,FL,2012-01-23,921.0,Romney,33.0,Gingrich,38.0,2012-01-31
376,FL,2012-01-23,946.0,Romney,34.0,Gingrich,32.0,2012-01-31
9,FL,2012-01-24,600.0,Romney,41.0,Gingrich,34.0,2012-01-31
37,FL,2012-01-24,369.0,Romney,36.0,Gingrich,34.0,2012-01-31
81,FL,2012-01-24,2567.0,Romney,35.0,Gingrich,35.0,2012-01-31
197,FL,2012-01-25,500.0,Romney,42.0,Gingrich,31.0,2012-01-31
243,FL,2012-01-25,530.0,Romney,40.3,Gingrich,32.3,2012-01-31
267,FL,2012-01-25,580.0,Romney,38.0,Gingrich,29.0,2012-01-31
277,FL,2012-01-25,750.0,Romney,39.0,Gingrich,31.0,2012-01-31
325,FL,2012-01-25,540.0,Romney,39.0,Gingrich,32.0,2012-01-31
326,FL,2012-01-25,865.0,Romney,40.0,Gingrich,31.0,2012-01-31
183,FL,2012-01-26,682.0,Romney,42.0,Gingrich,27.0,2012-01-31
374,FL,2012-01-27,1632.0,Romney,40.0,Gingrich,30.0,2012-01-31
9,FL,2012-01-28,750.0,Romney,43.0,Gingrich,32.0,2012-01-31
267,FL,2012-01-28,539.0,Romney,43.0,Gingrich,29.0,2012-01-31
277,FL,2012-01-28,750.0,Romney,44.0,Gingrich,28.0,2012-01-31
325,FL,2012-01-28,500.0,Romney,41.0,Gingrich,26.0,2012-01-31
154,FL,2012-01-29,658.0,Romney,43.0,Gingrich,28.0,2012-01-31
243,FL,2012-01-29,646.0,Romney,36.0,Gingrich,31.0,2012-01-31
323,FL,2012-01-29,500.0,Romney,47.0,Gingrich,27.0,2012-01-31
376,FL,2012-01-29,1188.0,Romney,44.0,Gingrich,25.0,2012-01-31
356,NV,2012-01-29,426.0,Romney,45.0,Gingrich,25.0,2012-02-04
9,FL,2012-01-30,600.0,Romney,43.0,Gingrich,31.0,2012-01-31
263,FL,2012-01-30,1087.0,Romney,39.0,Gingrich,31.0,2012-01-31
263,NV,2012-02-02,937.0,Romney,50.0,Gingrich,25.0,2012-02-04
263,CO,2012-02-04,527.0,Santorum,26.0,Romney,40.0,2012-02-07
263,MN,2012-02-04,410.0,Santorum,29.0,Paul,19.0,2012-02-07
263,CO,2012-02-05,938.0,Santorum,27.0,Romney,37.0,2012-02-07
263,MN,2012-02-05,864.0,Santorum,33.0,Paul,20.0,2012-02-07
263,MI,2012-02-11,404.0,Romney,24.0,Santorum,39.0,2012-02-28
9,MI,2012-02-12,600.0,Romney,27.0,Santorum,33.0,2012-02-28
117,MI,2012-02-12,500.0,Romney,30.0,Santorum,34.0,2012-02-28
277,MI,2012-02-13,750.0,Romney,32.0,Santorum,35.0,2012-02-28
9,AZ,2012-02-14,600.0,Romney,38.0,Santorum,31.0,2012-02-28
193,MI,2012-02-14,800.0,Romney,33.0,Santorum,43.0,2012-02-28
213,MI,2012-02-14,455.0,Romney,25.0,Santorum,34.0,2012-02-28
277,OH,2012-02-15,750.0,Romney,24.0,Santorum,42.0,2012-03-06
277,AZ,2012-02-16,750.0,Romney,39.0,Santorum,31.0,2012-02-28
9,MI,2012-02-16,600.0,Romney,32.0,Santorum,37.0,2012-02-28
45,VT,2012-02-17,231.0,Romney,34.0,Paul,14.0,2012-03-06
263,AZ,2012-02-18,412.0,Romney,36.0,Santorum,33.0,2012-02-28
263,MI,2012-02-18,602.0,Romney,33.0,Santorum,37.0,2012-02-28
263,WA,2012-02-18,400.0,Romney,27.0,Paul,15.0,2012-03-03
37,AZ,2012-02-19,467.0,Romney,36.0,Santorum,32.0,2012-02-28
376,MI,2012-02-19,1025.0,Romney,29.0,Santorum,29.0,2012-02-28
208,TN,2012-02-19,196.0,Santorum,40.0,Romney,19.0,2012-03-06
258,TN,2012-02-19,815.0,Santorum,38.0,Romney,20.0,2012-03-06
183,AZ,2012-02-20,767.0,Romney,43.0,Santorum,27.0,2012-02-28
376,AZ,2012-02-20,1155.0,Romney,37.0,Santorum,27.0,2012-02-28
243,GA,2012-02-20,721.0,Gingrich,26.0,Romney,24.0,2012-03-06
84,MI,2012-02-20,400.0,Romney,34.0,Santorum,37.0,2012-02-28
183,MI,2012-02-20,715.0,Romney,37.0,Santorum,35.0,2012-02-28
213,MI,2012-02-20,420.0,Romney,32.0,Santorum,30.0,2012-02-28
277,MI,2012-02-20,750.0,Romney,34.0,Santorum,38.0,2012-02-28
346,OH,2012-02-21,524.0,Romney,26.0,Santorum,37.0,2012-03-06
277,OK,2012-02-21,750.0,Santorum,43.0,Romney,18.0,2012-03-06
292,VA,2012-02-21,377.0,Romney,56.0,Paul,21.0,2012-03-06
277,GA,2012-02-22,750.0,Gingrich,33.0,Romney,20.0,2012-03-06
9,MI,2012-02-22,600.0,Romney,34.0,Santorum,38.0,2012-02-28
277,AZ,2012-02-23,750.0,Romney,42.0,Santorum,29.0,2012-02-28
166,GA,2012-02-23,1300.0,Gingrich,38.0,Romney,19.0,2012-03-06
25,MI,2012-02-23,2263.0,Romney,39.0,Santorum,31.0,2012-02-28
213,MI,2012-02-23,430.0,Romney,36.0,Santorum,33.0,2012-02-28
277,MI,2012-02-23,750.0,Romney,40.0,Santorum,34.0,2012-02-28
9,AZ,2012-02-24,600.0,Romney,39.0,Santorum,35.0,2012-02-28
325,GA,2012-02-25,457.0,Gingrich,39.0,Romney,23.0,2012-03-06
267,OH,2012-02-25,847.0,Romney,29.0,Santorum,36.0,2012-03-06
263,AZ,2012-02-26,515.0,Romney,43.0,Santorum,26.0,2012-02-28
376,AZ,2012-02-26,1162.0,Romney,43.0,Santorum,27.0,2012-02-28
9,MI,2012-02-26,600.0,Romney,35.0,Santorum,36.0,2012-02-28
213,MI,2012-02-26,858.0,Romney,35.0,Santorum,37.0,2012-02-28
277,MI,2012-02-26,750.0,Romney,38.0,Santorum,36.0,2012-02-28
376,MI,2012-02-26,984.0,Romney,37.0,Santorum,33.0,2012-02-28
25,MI,2012-02-27,1359.0,Romney,38.0,Santorum,36.0,2012-02-28
213,MI,2012-02-27,781.0,Romney,37.0,Santorum,36.0,2012-02-28
263,MI,2012-02-27,992.0,Romney,37.0,Santorum,38.0,2012-02-28
391,GA,2012-02-28,500.0,Gingrich,36.0,Romney,32.0,2012-03-06
376,IL,2012-02-28,800.0,Santorum,29.0,Gingrich,29.0,2012-03-20
391,MA,2012-02-28,400.0,Romney,64.0,Santorum,21.0,2012-03-06
391,OH,2012-02-28,650.0,Romney,32.0,Santorum,41.0,2012-03-06
391,OK,2012-02-28,250.0,Santorum,38.0,Romney,30.0,2012-03-06
391,TN,2012-02-28,500.0,Santorum,37.0,Romney,30.0,2012-03-06
376,IL,2012-02-29,1100.0,Santorum,33.2,Gingrich,29.8,2012-03-20
8,AL,2012-03-01,470.0,Santorum,23.0,Gingrich,14.0,2012-03-13
166,GA,2012-03-01,950.0,Gingrich,42.0,Romney,22.0,2012-03-06
197,GA,2012-03-01,625.0,Gingrich,38.0,Romney,24.0,2012-03-06
277,GA,2012-03-01,750.0,Gingrich,38.0,Romney,26.0,2012-03-06
183,OH,2012-03-01,820.0,Romney,32.0,Santorum,34.0,2012-03-06
267,OH,2012-03-01,517.0,Romney,31.0,Santorum,35.0,2012-03-06
277,OH,2012-03-01,750.0,Romney,31.0,Santorum,33.0,2012-03-06
183,VA,2012-03-01,529.0,Romney,69.0,Paul,26.0,2012-03-06
263,WA,2012-03-01,447.0,Romney,37.0,Paul,16.0,2012-03-03
154,OH,2012-03-02,917.0,Romney,32.0,Santorum,32.0,2012-03-06
9,OK,2012-03-02,600.0,Santorum,37.0,Romney,26.0,2012-03-06
9,TN,2012-03-02,600.0,Santorum,35.0,Romney,31.0,2012-03-06
37,GA,2012-03-03,527.0,Gingrich,47.0,Romney,24.0,2012-03-06
37,OH,2012-03-03,546.0,Romney,32.0,Santorum,32.0,2012-03-06
267,OH,2012-03-03,753.0,Romney,34.0,Santorum,31.0,2012-03-06
277,TN,2012-03-03,750.0,Santorum,34.0,Romney,30.0,2012-03-06
44,AL,2012-03-04,510.0,Santorum,22.0,Gingrich,21.0,2012-03-13
9,GA,2012-03-04,600.0,Gingrich,44.0,Romney,24.0,2012-03-06
243,GA,2012-03-04,751.0,Gingrich,47.0,Romney,21.0,2012-03-06
263,GA,2012-03-04,728.0,Gingrich,47.0,Romney,24.0,2012-03-06
277,GA,2012-03-04,750.0,Gingrich,37.0,Romney,27.0,2012-03-06
9,OH,2012-03-04,600.0,Romney,35.0,Santorum,28.0,2012-03-06
207,OH,2012-03-04,832.0,Romney,38.0,Santorum,33.0,2012-03-06
263,OH,2012-03-04,666.0,Romney,37.0,Santorum,36.0,2012-03-06
277,OH,2012-03-04,750.0,Romney,31.0,Santorum,32.0,2012-03-06
323,OH,2012-03-04,500.0,Romney,33.0,Santorum,37.0,2012-03-06
263,TN,2012-03-04,525.0,Santorum,34.0,Romney,29.0,2012-03-06
376,TN,2012-03-04,1023.0,Santorum,29.0,Romney,30.0,2012-03-06
44,AL,2012-03-06,592.0,Santorum,20.0,Gingrich,25.0,2012-03-13
8,AL,2012-03-07,416.0,Santorum,17.0,Gingrich,21.0,2012-03-13
277,AL,2012-03-08,750.0,Santorum,29.0,Gingrich,30.0,2012-03-13
187,IL,2012-03-08,600.0,Santorum,35.0,Gingrich,31.0,2012-03-20
9,MS,2012-03-08,600.0,Santorum,20.0,Gingrich,35.0,2012-03-13
277,MS,2012-03-08,750.0,Santorum,27.0,Gingrich,27.0,2012-03-13
110,LA,2012-03-09,515.0,Santorum,25.0,Romney,21.0,2012-03-24
9,AL,2012-03-10,600.0,Santorum,24.0,Gingrich,34.0,2012-03-13
44,AL,2012-03-10,512.0,Santorum,28.0,Gingrich,33.0,2012-03-13
263,AL,2012-03-11,600.0,Santorum,29.0,Gingrich,30.0,2012-03-13
9,MS,2012-03-11,600.0,Santorum,22.0,Gingrich,32.0,2012-03-13
263,MS,2012-03-11,656.0,Santorum,27.0,Gingrich,33.0,2012-03-13
376,IL,2012-03-14,1933.0,Santorum,37.0,Gingrich,31.0,2012-03-20
277,IL,2012-03-15,750.0,Santorum,41.0,Gingrich,32.0,2012-03-20
9,IL,2012-03-18,600.0,Santorum,44.0,Gingrich,30.0,2012-03-20
263,IL,2012-03-18,506.0,Santorum,45.0,Gingrich,30.0,2012-03-20
179,LA,2012-03-19,2018.0,Santorum,37.0,Romney,24.0,2012-03-24
9,LA,2012-03-21,600.0,Santorum,43.0,Romney,27.0,2012-03-24
277,LA,2012-03-21,750.0,Santorum,43.0,Romney,31.0,2012-03-24
263,LA,2012-03-22,650.0,Santorum,42.0,Romney,28.0,2012-03-24
277,WI,2012-03-22,1000.0,Romney,46.0,Santorum,33.0,2012-04-03
195,WI,2012-03-24,350.0,Romney,39.0,Santorum,31.0,2012-04-03
313,WI,2012-03-26,403.0,Romney,37.0,Santorum,32.0,2012-04-03
183,WI,2012-03-27,740.0,Romney,40.0,Santorum,33.0,2012-04-03
277,MD,2012-03-28,750.0,Romney,45.0,Santorum,28.0,2012-04-03
277,WI,2012-03-29,717.0,Romney,44.0,Santorum,34.0,2012-04-03
263,MD,2012-04-01,500.0,Romney,52.0,Santorum,27.0,2012-04-03
263,WI,2012-04-01,609.0,Romney,43.0,Santorum,36.0,2012-04-03
376,WI,2012-04-01,1173.0,Romney,39.0,Santorum,31.0,2012-04-03
124,IA,2016-01-12,461.0,Clinton,57.0,Sanders,36.0,2016-02-01
124,IA,2016-01-12,422.0,Cruz,28.0,Trump,34.0,2016-02-01
153,IA,2016-01-14,356.0,Clinton,47.4,Sanders,45.0,2016-02-01
153,IA,2016-01-14,283.0,Cruz,25.8,Trump,18.9,2016-02-01
171,IA,2016-01-16,500.0,Clinton,59.0,Sanders,30.0,2016-02-01
171,IA,2016-01-16,500.0,Cruz,25.0,Trump,26.0,2016-02-01
37,IA,2016-01-18,280.0,Clinton,43.0,Sanders,51.0,2016-02-01
37,IA,2016-01-18,266.0,Cruz,26.0,Trump,37.0,2016-02-01
82,IA,2016-01-19,570.0,Clinton,48.0,Sanders,39.0,2016-02-01
88,IA,2016-01-19,258.0,Clinton,52.0,Sanders,43.0,2016-02-01
82,IA,2016-01-19,687.0,Cruz,27.0,Trump,25.0,2016-02-01
88,IA,2016-01-19,271.0,Cruz,23.0,Trump,33.0,2016-02-01
103,IA,2016-01-20,423.0,Clinton,48.0,Sanders,42.0,2016-02-01
391,IA,2016-01-20,490.0,Clinton,46.0,Sanders,47.0,2016-02-01
103,IA,2016-01-20,378.0,Cruz,23.0,Trump,34.0,2016-02-01
391,IA,2016-01-20,492.0,Cruz,34.0,Trump,39.0,2016-02-01
267,IA,2016-01-21,606.0,Clinton,45.0,Sanders,49.0,2016-02-01
267,IA,2016-01-21,651.0,Cruz,29.0,Trump,31.0,2016-02-01
9,IA,2016-01-23,400.0,Clinton,45.0,Sanders,48.0,2016-02-01
9,IA,2016-01-23,400.0,Cruz,26.0,Trump,33.0,2016-02-01
183,IA,2016-01-25,426.0,Clinton,48.0,Sanders,45.0,2016-02-01
215,IA,2016-01-25,504.0,Clinton,47.0,Sanders,42.0,2016-02-01
183,IA,2016-01-25,450.0,Cruz,25.0,Trump,32.0,2016-02-01
215,IA,2016-01-25,500.0,Cruz,23.0,Trump,30.0,2016-02-01
124,IA,2016-01-27,810.0,Clinton,53.0,Sanders,42.0,2016-02-01
263,IA,2016-01-27,851.0,Clinton,48.0,Sanders,40.0,2016-02-01
124,IA,2016-01-27,724.0,Cruz,27.0,Trump,31.0,2016-02-01
263,IA,2016-01-27,780.0,Cruz,23.0,Trump,31.0,2016-02-01
267,IA,2016-01-28,919.0,Clinton,46.0,Sanders,49.0,2016-02-01
304,IA,2016-01-28,602.0,Clinton,45.0,Sanders,42.0,2016-02-01
267,IA,2016-01-28,890.0,Cruz,24.0,Trump,31.0,2016-02-01
304,IA,2016-01-28,602.0,Cruz,23.0,Trump,28.0,2016-02-01
247,IA,2016-01-29,407.0,Clinton,47.0,Sanders,48.0,2016-02-01
247,IA,2016-01-29,416.0,Cruz,25.0,Trump,34.0,2016-02-01
88,IA,2016-01-30,300.0,Clinton,51.0,Sanders,43.0,2016-02-01
88,IA,2016-01-30,298.0,Cruz,26.0,Trump,27.0,2016-02-01
243,IA,2016-01-30,887.0,Cruz,19.4,Trump,20.1,2016-02-01
355,NH,2016-02-02,420.0,Sanders,58.0,Clinton,36.0,2016-02-09
132,NH,2016-02-02,425.0,Trump,31.0,Kasich,12.0,2016-02-09
355,NH,2016-02-02,487.0,Trump,36.0,Kasich,7.0,2016-02-09
124,NH,2016-02-03,702.0,Sanders,58.0,Clinton,42.0,2016-02-09
183,NH,2016-02-03,567.0,Sanders,58.0,Clinton,38.0,2016-02-09
198,NH,2016-02-03,393.0,Sanders,54.0,Clinton,39.0,2016-02-09
323,NH,2016-02-03,500.0,Sanders,49.6,Clinton,40.6,2016-02-09
355,NH,2016-02-03,434.0,Sanders,55.0,Clinton,40.0,2016-02-09
357,NH,2016-02-03,305.0,Sanders,61.0,Clinton,31.0,2016-02-09
124,NH,2016-02-03,871.0,Trump,29.0,Kasich,13.0,2016-02-09
183,NH,2016-02-03,653.0,Trump,30.0,Kasich,10.0,2016-02-09
198,NH,2016-02-03,410.0,Trump,29.0,Kasich,9.0,2016-02-09
355,NH,2016-02-03,500.0,Trump,34.0,Kasich,8.0,2016-02-09
357,NH,2016-02-03,287.0,Trump,28.0,Kasich,13.0,2016-02-09
9,NH,2016-02-04,409.0,Sanders,54.0,Clinton,38.0,2016-02-09
107,NH,2016-02-04,407.0,Sanders,51.0,Clinton,44.0,2016-02-09
355,NH,2016-02-04,433.0,Sanders,55.0,Clinton,41.0,2016-02-09
9,NH,2016-02-04,420.0,Trump,36.0,Kasich,14.0,2016-02-09
107,NH,2016-02-04,433.0,Trump,31.0,Kasich,11.0,2016-02-09
323,NH,2016-02-04,500.0,Trump,28.8,Kasich,13.0,2016-02-09
355,NH,2016-02-04,501.0,Trump,35.0,Kasich,10.0,2016-02-09
215,NH,2016-02-05,502.0,Sanders,52.0,Clinton,42.0,2016-02-09
357,NH,2016-02-05,406.0,Sanders,58.0,Clinton,35.0,2016-02-09
215,NH,2016-02-05,508.0,Trump,30.0,Kasich,14.0,2016-02-09
357,NH,2016-02-05,362.0,Trump,33.0,Kasich,11.0,2016-02-09
9,NH,2016-02-06,408.0,Sanders,53.0,Clinton,42.0,2016-02-09
88,NH,2016-02-06,783.0,Sanders,54.0,Clinton,42.0,2016-02-09
355,NH,2016-02-06,407.0,Sanders,56.0,Clinton,40.0,2016-02-09
357,NH,2016-02-06,363.0,Sanders,61.0,Clinton,35.0,2016-02-09
9,NH,2016-02-06,422.0,Trump,31.0,Kasich,17.0,2016-02-09
88,NH,2016-02-06,686.0,Trump,31.0,Kasich,13.0,2016-02-09
355,NH,2016-02-06,464.0,Trump,34.0,Kasich,10.0,2016-02-09
357,NH,2016-02-06,362.0,Trump,31.0,Kasich,10.0,2016-02-09
247,NH,2016-02-07,395.0,Sanders,55.0,Clinton,41.0,2016-02-09
124,NH,2016-02-07,705.0,Trump,28.0,Kasich,17.0,2016-02-09
247,NH,2016-02-07,401.0,Trump,29.0,Kasich,14.0,2016-02-09
9,NH,2016-02-08,409.0,Sanders,53.0,Clinton,44.0,2016-02-09
9,NH,2016-02-08,418.0,Trump,33.0,Kasich,17.0,2016-02-09
331,NV,2016-02-09,1236.0,Clinton,45.0,Sanders,45.0,2016-02-20
247,MA,2016-02-10,417.0,Clinton,50.0,Sanders,44.0,2016-03-01
45,VT,2016-02-10,344.0,Sanders,77.90000000000002,Clinton,12.8,2016-03-01
200,AL,2016-02-10,1840.0,Trump,36.0,Cruz,13.0,2016-03-01
247,MA,2016-02-10,403.0,Trump,43.0,Kasich,9.0,2016-03-01
45,VT,2016-02-10,115.0,Trump,33.2,Kasich,14.1,2016-03-01
391,SC,2016-02-11,404.0,Clinton,59.0,Sanders,40.0,2016-02-27
243,SC,2016-02-11,779.0,Trump,36.0,Rubio,15.0,2016-02-20
391,SC,2016-02-11,744.0,Trump,42.0,Rubio,15.0,2016-02-20
124,SC,2016-02-12,507.0,Clinton,59.0,Sanders,41.0,2016-02-27
124,SC,2016-02-12,1281.0,Trump,37.0,Rubio,19.0,2016-02-20
338,SC,2016-02-12,1200.0,Trump,34.5,Rubio,12.5,2016-02-20
37,NV,2016-02-13,282.0,Clinton,48.0,Sanders,47.0,2016-02-20
9,SC,2016-02-13,400.0,Clinton,65.0,Sanders,27.0,2016-02-27
37,SC,2016-02-13,280.0,Clinton,56.0,Sanders,38.0,2016-02-27
247,VA,2016-02-13,431.0,Clinton,49.0,Sanders,46.0,2016-03-01
37,NV,2016-02-13,245.0,Trump,45.0,Rubio,19.0,2016-02-23
9,SC,2016-02-13,400.0,Trump,35.0,Rubio,14.0,2016-02-20
37,SC,2016-02-13,404.0,Trump,38.0,Rubio,14.0,2016-02-20
247,VA,2016-02-13,425.0,Trump,33.0,Rubio,19.0,2016-03-01
338,SC,2016-02-14,1300.0,Trump,32.65,Rubio,14.02,2016-02-20
263,AL,2016-02-15,500.0,Clinton,59.0,Sanders,31.0,2016-03-01
263,AR,2016-02-15,525.0,Clinton,57.0,Sanders,32.0,2016-03-01
263,GA,2016-02-15,500.0,Clinton,60.0,Sanders,26.0,2016-03-01
263,LA,2016-02-15,548.0,Clinton,60.0,Sanders,29.0,2016-03-05
263,MA,2016-02-15,538.0,Clinton,42.0,Sanders,49.0,2016-03-01
124,NV,2016-02-15,516.0,Clinton,53.0,Sanders,47.0,2016-02-20
263,OK,2016-02-15,542.0,Sanders,44.0,Clinton,46.0,2016-03-01
9,SC,2016-02-15,400.0,Clinton,61.0,Sanders,31.0,2016-02-27
215,SC,2016-02-15,403.0,Clinton,59.0,Sanders,30.0,2016-02-27
263,SC,2016-02-15,525.0,Clinton,55.0,Sanders,34.0,2016-02-27
304,SC,2016-02-15,403.0,Clinton,53.0,Sanders,31.0,2016-02-27
263,TN,2016-02-15,500.0,Clinton,58.0,Sanders,32.0,2016-03-01
263,TX,2016-02-15,514.0,Clinton,57.0,Sanders,34.0,2016-03-01
263,VA,2016-02-15,500.0,Clinton,56.0,Sanders,34.0,2016-03-01
263,VT,2016-02-15,693.0,Sanders,86.0,Clinton,10.0,2016-03-01
124,NV,2016-02-15,687.0,Trump,39.0,Rubio,19.0,2016-02-23
9,SC,2016-02-15,400.0,Trump,33.0,Rubio,16.0,2016-02-20
215,SC,2016-02-15,400.0,Trump,35.0,Rubio,17.0,2016-02-20
263,SC,2016-02-15,897.0,Trump,35.0,Rubio,18.0,2016-02-20
338,SC,2016-02-15,1700.0,Trump,33.57,Rubio,14.83,2016-02-20
103,SC,2016-02-16,642.0,Clinton,56.0,Sanders,28.0,2016-02-27
183,SC,2016-02-16,425.0,Clinton,60.0,Sanders,32.0,2016-02-27
391,TX,2016-02-16,324.0,Clinton,54.0,Sanders,44.0,2016-03-01
88,SC,2016-02-16,375.0,Trump,33.0,Rubio,19.0,2016-02-20
103,SC,2016-02-16,759.0,Trump,32.0,Rubio,15.0,2016-02-20
183,SC,2016-02-16,722.0,Trump,28.0,Rubio,15.0,2016-02-20
338,SC,2016-02-16,2400.0,Trump,34.74,Rubio,15.82,2016-02-20
391,TX,2016-02-16,407.0,Cruz,37.0,Trump,29.0,2016-03-01
331,CO,2016-02-17,1144.0,Sanders,49.0,Clinton,44.0,2016-03-01
88,SC,2016-02-17,418.0,Trump,36.0,Rubio,19.0,2016-02-20
132,SC,2016-02-17,599.0,Trump,29.0,Rubio,15.0,2016-02-20
338,SC,2016-02-17,5800.0,Trump,34.12,Rubio,15.59,2016-02-20
351,TX,2016-02-17,415.0,Cruz,35.0,Trump,20.0,2016-03-01
247,NV,2016-02-18,305.0,Clinton,47.0,Sanders,49.0,2016-02-20
9,SC,2016-02-18,400.0,Clinton,61.0,Sanders,32.0,2016-02-27
9,SC,2016-02-18,401.0,Trump,34.0,Rubio,22.0,2016-02-20
247,SC,2016-02-18,425.0,Trump,31.0,Rubio,25.0,2016-02-20
88,MA,2016-02-20,417.0,Clinton,46.0,Sanders,46.0,2016-03-01
9,MI,2016-02-20,400.0,Sanders,40.0,Clinton,53.0,2016-03-08
292,VA,2016-02-20,415.0,Clinton,50.0,Sanders,33.0,2016-03-01
88,MA,2016-02-20,289.0,Trump,50.0,Kasich,13.0,2016-03-01
9,MI,2016-02-20,400.0,Trump,35.0,Cruz,12.0,2016-03-08
292,VA,2016-02-20,466.0,Trump,38.0,Rubio,13.0,2016-03-01
166,GA,2016-02-21,700.0,Clinton,72.0,Sanders,19.8,2016-03-01
183,GA,2016-02-21,461.0,Clinton,64.0,Sanders,30.0,2016-03-01
183,TX,2016-02-21,381.0,Clinton,59.0,Sanders,38.0,2016-03-01
166,GA,2016-02-21,500.0,Trump,31.7,Rubio,22.7,2016-03-01
183,GA,2016-02-21,543.0,Trump,30.0,Rubio,23.0,2016-03-01
183,TX,2016-02-21,537.0,Cruz,39.0,Trump,26.0,2016-03-01
198,MA,2016-02-22,418.0,Clinton,49.0,Sanders,44.0,2016-03-01
391,MA,2016-02-22,400.0,Clinton,47.0,Sanders,44.0,2016-03-01
247,SC,2016-02-22,410.0,Clinton,63.0,Sanders,34.0,2016-02-27
81,TX,2016-02-22,625.0,Clinton,60.71,Sanders,29.26,2016-03-01
88,TX,2016-02-22,328.0,Clinton,56.0,Sanders,40.0,2016-03-01
325,TX,2016-02-22,569.0,Clinton,61.0,Sanders,32.0,2016-03-01
247,AK,2016-02-22,318.0,Cruz,27.0,Trump,41.0,2016-03-01
198,MA,2016-02-22,386.0,Trump,40.0,Kasich,19.0,2016-03-01
391,MA,2016-02-22,292.0,Trump,47.0,Kasich,11.0,2016-03-01
81,TX,2016-02-22,725.0,Cruz,33.24,Trump,24.83,2016-03-01
88,TX,2016-02-22,446.0,Cruz,29.0,Trump,28.0,2016-03-01
325,TX,2016-02-22,645.0,Cruz,32.0,Trump,32.0,2016-03-01
267,FL,2016-02-23,476.0,Clinton,59.0,Sanders,33.0,2016-03-15
243,GA,2016-02-23,491.0,Clinton,57.0,Sanders,29.0,2016-03-01
283,GA,2016-02-23,400.0,Clinton,62.0,Sanders,29.0,2016-03-01
325,GA,2016-02-23,501.0,Clinton,66.0,Sanders,27.0,2016-03-01
101,KS,2016-02-23,123.0,Sanders,23.0,Clinton,33.0,2016-03-05
213,MI,2016-02-23,344.0,Sanders,31.0,Clinton,65.0,2016-03-08
54,SC,2016-02-23,650.0,Clinton,64.0,Sanders,14.0,2016-02-27
88,SC,2016-02-23,266.0,Clinton,60.1,Sanders,36.5,2016-02-27
215,TX,2016-02-23,304.0,Clinton,64.0,Sanders,30.0,2016-03-01
215,VA,2016-02-23,302.0,Clinton,60.0,Sanders,33.0,2016-03-01
267,FL,2016-02-23,705.0,Trump,44.0,Rubio,28.0,2016-03-15
243,GA,2016-02-23,745.0,Trump,34.0,Rubio,22.0,2016-03-01
283,GA,2016-02-23,400.0,Trump,41.25,Rubio,18.25,2016-03-01
325,GA,2016-02-23,684.0,Trump,45.0,Rubio,19.0,2016-03-01
101,KS,2016-02-23,212.0,Cruz,14.0,Trump,26.0,2016-03-05
213,MI,2016-02-23,459.0,Trump,41.0,Cruz,16.0,2016-03-08
330,MI,2016-02-23,400.0,Trump,41.0,Cruz,14.0,2016-03-08
56,OK,2016-02-23,400.0,Cruz,20.0,Trump,29.0,2016-03-01
215,TX,2016-02-23,456.0,Cruz,38.0,Trump,23.0,2016-03-01
215,VA,2016-02-23,421.0,Trump,41.0,Rubio,27.0,2016-03-01
124,FL,2016-02-24,514.0,Clinton,58.0,Sanders,42.0,2016-03-15
391,GA,2016-02-24,492.0,Clinton,63.0,Sanders,35.0,2016-03-01
376,IL,2016-02-24,1116.0,Clinton,57.23,Sanders,27.85,2016-03-15
308,OK,2016-02-24,510.0,Sanders,31.0,Clinton,40.0,2016-03-01
183,TN,2016-02-24,405.0,Clinton,60.0,Sanders,34.0,2016-03-01
277,TX,2016-02-24,411.0,Clinton,66.0,Sanders,26.0,2016-03-01
391,TX,2016-02-24,750.0,Clinton,61.0,Sanders,37.0,2016-03-01
391,VA,2016-02-24,481.0,Clinton,59.0,Sanders,39.0,2016-03-01
200,AL,2016-02-24,1556.0,Trump,36.0,Cruz,12.0,2016-03-01
124,FL,2016-02-24,751.0,Trump,45.0,Rubio,25.0,2016-03-15
334,FL,2016-02-24,600.0,Trump,34.0,Rubio,27.0,2016-03-15
391,GA,2016-02-24,493.0,Trump,40.0,Rubio,22.0,2016-03-01
376,IL,2016-02-24,1311.0,Trump,38.44,Cruz,15.87,2016-03-15
379,KY,2016-02-24,532.0,Trump,35.0,Cruz,15.0,2016-03-05
308,OK,2016-02-24,540.0,Cruz,18.0,Trump,34.0,2016-03-01
183,TN,2016-02-24,665.0,Trump,40.0,Cruz,22.0,2016-03-01
277,TX,2016-02-24,620.0,Cruz,38.0,Trump,26.0,2016-03-01
391,TX,2016-02-24,796.0,Cruz,42.0,Trump,31.0,2016-03-01
391,VA,2016-02-24,481.0,Trump,40.0,Rubio,27.0,2016-03-01
263,FL,2016-02-25,388.0,Clinton,57.0,Sanders,32.0,2016-03-15
360,FL,2016-02-25,685.0,Clinton,54.0,Sanders,24.0,2016-03-15
193,MI,2016-02-25,218.0,Sanders,36.0,Clinton,56.0,2016-03-08
263,FL,2016-02-25,464.0,Trump,45.0,Rubio,25.0,2016-03-15
323,MA,2016-02-25,500.0,Trump,43.0,Kasich,17.0,2016-03-01
193,MI,2016-02-25,217.0,Trump,33.0,Cruz,18.0,2016-03-08
324,GA,2016-02-26,961.0,Clinton,59.0,Sanders,36.0,2016-03-01
323,MA,2016-02-26,500.0,Clinton,50.0,Sanders,42.0,2016-03-01
324,MA,2016-02-26,1224.0,Clinton,48.0,Sanders,46.0,2016-03-01
324,TN,2016-02-26,533.0,Clinton,54.0,Sanders,37.0,2016-03-01
324,VA,2016-02-26,908.0,Clinton,57.0,Sanders,36.0,2016-03-01
243,AL,2016-02-26,460.0,Trump,35.8,Cruz,16.2,2016-03-01
324,AL,2016-02-26,741.0,Trump,47.0,Cruz,18.0,2016-03-01
324,AR,2016-02-26,542.0,Trump,34.0,Cruz,27.0,2016-03-01
324,GA,2016-02-26,1171.0,Trump,39.0,Rubio,20.0,2016-03-01
324,OK,2016-02-26,636.0,Cruz,19.0,Trump,34.0,2016-03-01
324,TN,2016-02-26,772.0,Trump,48.0,Cruz,15.0,2016-03-01
324,TX,2016-02-26,613.0,Cruz,33.0,Trump,31.0,2016-03-01
324,VA,2016-02-26,848.0,Trump,36.0,Rubio,26.0,2016-03-01
215,AL,2016-02-27,300.0,Clinton,71.0,Sanders,23.0,2016-03-01
88,MA,2016-02-27,670.0,Clinton,53.9,Sanders,42.8,2016-03-01
215,OK,2016-02-27,300.0,Sanders,48.0,Clinton,43.0,2016-03-01
9,TX,2016-02-27,400.0,Clinton,58.0,Sanders,38.0,2016-03-01
88,TX,2016-02-27,275.0,Clinton,67.7,Sanders,26.3,2016-03-01
215,AL,2016-02-27,450.0,Trump,42.0,Cruz,16.0,2016-03-01
338,GA,2016-02-27,1350.0,Trump,38.6,Rubio,23.54,2016-03-01
88,MA,2016-02-27,408.0,Trump,51.4,Kasich,14.3,2016-03-01
215,OK,2016-02-27,403.0,Cruz,23.0,Trump,35.0,2016-03-01
9,TX,2016-02-27,400.0,Cruz,33.0,Trump,32.0,2016-03-01
88,TX,2016-02-27,449.0,Cruz,35.4,Trump,31.7,2016-03-01
166,GA,2016-02-28,800.0,Clinton,70.10000000000001,Sanders,23.0,2016-03-01
166,GA,2016-02-28,1400.0,Trump,38.9,Rubio,20.0,2016-03-01
243,GA,2016-02-28,710.0,Trump,33.0,Rubio,23.0,2016-03-01
84,MI,2016-02-28,400.0,Trump,29.0,Cruz,19.0,2016-03-08
243,TX,2016-02-28,712.0,Cruz,36.0,Trump,25.0,2016-03-01
179,MS,2016-02-29,471.0,Clinton,65.0,Sanders,11.0,2016-03-08
179,MS,2016-02-29,995.0,Trump,41.0,Cruz,17.0,2016-03-08
179,LA,2016-03-01,865.0,Clinton,61.0,Sanders,14.0,2016-03-05
213,MI,2016-03-01,427.0,Sanders,33.0,Clinton,61.0,2016-03-08
333,FL,2016-03-01,800.0,Trump,35.0,Rubio,30.0,2016-03-15
179,LA,2016-03-01,609.0,Trump,41.0,Cruz,21.0,2016-03-05
213,MI,2016-03-01,679.0,Trump,39.0,Cruz,14.0,2016-03-08
183,MI,2016-03-02,546.0,Sanders,40.0,Clinton,57.0,2016-03-08
338,LA,2016-03-02,1509.0,Trump,44.0,Cruz,26.0,2016-03-05
358,LA,2016-03-02,1874.0,Trump,38.0,Cruz,26.0,2016-03-05
183,MI,2016-03-02,482.0,Trump,41.0,Cruz,22.0,2016-03-08
213,MI,2016-03-02,643.0,Trump,42.0,Cruz,19.0,2016-03-08
213,MI,2016-03-03,616.0,Sanders,37.0,Clinton,55.0,2016-03-08
391,MI,2016-03-03,597.0,Sanders,44.0,Clinton,55.0,2016-03-08
338,KS,2016-03-03,1060.0,Cruz,29.31,Trump,35.18,2016-03-05
124,LA,2016-03-03,1356.0,Trump,48.0,Cruz,31.0,2016-03-05
338,MI,2016-03-03,1643.0,Trump,41.87,Cruz,20.45,2016-03-08
391,MI,2016-03-03,637.0,Trump,39.0,Cruz,24.0,2016-03-08
37,FL,2016-03-04,264.0,Clinton,61.0,Sanders,34.0,2016-03-15
333,FL,2016-03-04,449.0,Clinton,64.0,Sanders,26.0,2016-03-15
282,IL,2016-03-04,600.0,Clinton,67.0,Sanders,25.0,2016-03-15
37,OH,2016-03-04,294.0,Clinton,63.0,Sanders,33.0,2016-03-15
37,FL,2016-03-04,313.0,Trump,40.0,Rubio,24.0,2016-03-15
333,FL,2016-03-04,450.0,Trump,38.0,Rubio,31.0,2016-03-15
282,IL,2016-03-04,600.0,Trump,32.0,Cruz,22.0,2016-03-15
37,OH,2016-03-04,359.0,Kasich,35.0,Trump,41.0,2016-03-15
267,FL,2016-03-05,511.0,Clinton,62.0,Sanders,32.0,2016-03-15
325,FL,2016-03-05,823.0,Clinton,61.0,Sanders,30.0,2016-03-15
9,MI,2016-03-05,400.0,Sanders,36.0,Clinton,60.0,2016-03-08
215,MI,2016-03-05,302.0,Sanders,42.0,Clinton,55.0,2016-03-08
225,NC,2016-03-05,500.0,Clinton,57.0,Sanders,28.0,2016-03-15
263,OH,2016-03-05,508.0,Clinton,56.0,Sanders,35.0,2016-03-15
267,OH,2016-03-05,521.0,Clinton,52.0,Sanders,43.0,2016-03-15
215,FL,2016-03-05,403.0,Trump,38.0,Rubio,30.0,2016-03-15
267,FL,2016-03-05,657.0,Trump,45.0,Rubio,22.0,2016-03-15
325,FL,2016-03-05,937.0,Trump,42.0,Rubio,22.0,2016-03-15
360,FL,2016-03-05,752.0,Trump,36.0,Rubio,24.0,2016-03-15
9,MI,2016-03-05,400.0,Trump,31.0,Cruz,15.0,2016-03-08
215,MI,2016-03-05,402.0,Trump,36.0,Cruz,23.0,2016-03-08
225,NC,2016-03-05,500.0,Trump,32.0,Cruz,26.0,2016-03-15
263,OH,2016-03-05,638.0,Kasich,35.0,Trump,38.0,2016-03-15
267,OH,2016-03-05,685.0,Kasich,32.0,Trump,38.0,2016-03-15
213,MI,2016-03-06,475.0,Sanders,29.0,Clinton,66.0,2016-03-08
325,NC,2016-03-06,687.0,Clinton,57.0,Sanders,34.0,2016-03-15
213,MI,2016-03-06,663.0,Trump,42.0,Cruz,19.0,2016-03-08
338,MI,2016-03-06,1610.0,Trump,40.89,Cruz,23.26,2016-03-08
325,NC,2016-03-06,688.0,Trump,41.0,Cruz,27.0,2016-03-15
183,FL,2016-03-07,500.0,Clinton,61.0,Sanders,34.0,2016-03-15
183,IL,2016-03-07,529.0,Clinton,51.0,Sanders,45.0,2016-03-15
376,IL,2016-03-07,994.0,Clinton,62.3,Sanders,25.0,2016-03-15
213,MI,2016-03-07,482.0,Sanders,34.0,Clinton,61.0,2016-03-08
101,MO,2016-03-07,145.0,Clinton,47.0,Sanders,40.0,2016-03-15
183,OH,2016-03-07,453.0,Clinton,58.0,Sanders,38.0,2016-03-15
103,FL,2016-03-07,813.0,Trump,43.0,Rubio,20.0,2016-03-15
183,FL,2016-03-07,511.0,Trump,43.0,Rubio,22.0,2016-03-15
334,FL,2016-03-07,631.0,Trump,33.0,Rubio,27.0,2016-03-15
183,IL,2016-03-07,421.0,Trump,34.0,Cruz,25.0,2016-03-15
376,IL,2016-03-07,1009.0,Trump,32.64,Cruz,19.9,2016-03-15
213,MI,2016-03-07,472.0,Trump,41.0,Cruz,18.0,2016-03-08
101,MO,2016-03-07,208.0,Trump,36.0,Cruz,29.0,2016-03-15
103,OH,2016-03-07,806.0,Kasich,34.0,Trump,29.0,2016-03-15
183,OH,2016-03-07,564.0,Kasich,39.0,Trump,33.0,2016-03-15
197,FL,2016-03-08,500.0,Clinton,68.0,Sanders,23.0,2016-03-15
235,AZ,2016-03-08,751.0,Trump,37.3,Cruz,23.3,2016-03-22
197,FL,2016-03-08,700.0,Trump,36.0,Rubio,30.0,2016-03-15
263,FL,2016-03-08,904.0,Trump,42.0,Rubio,32.0,2016-03-15
323,FL,2016-03-08,500.0,Trump,36.0,Rubio,27.0,2016-03-15
206,AZ,2016-03-09,300.0,Clinton,50.0,Sanders,24.0,2016-03-22
269,MO,2016-03-09,670.0,Clinton,44.0,Sanders,40.0,2016-03-15
206,AZ,2016-03-09,300.0,Trump,31.0,Cruz,19.0,2016-03-22
243,FL,2016-03-09,590.0,Trump,43.0,Rubio,24.0,2016-03-15
338,FL,2016-03-09,1280.0,Trump,42.0,Rubio,23.0,2016-03-15
97,FL,2016-03-10,414.0,Clinton,59.0,Sanders,31.0,2016-03-15
391,FL,2016-03-10,796.0,Clinton,62.0,Sanders,34.0,2016-03-15
391,IL,2016-03-10,722.0,Clinton,46.0,Sanders,48.0,2016-03-15
325,NC,2016-03-10,669.0,Clinton,58.0,Sanders,34.0,2016-03-15
391,OH,2016-03-10,755.0,Clinton,52.0,Sanders,43.0,2016-03-15
97,FL,2016-03-10,852.0,Trump,44.0,Rubio,21.0,2016-03-15
391,FL,2016-03-10,873.0,Trump,44.0,Rubio,21.0,2016-03-15
391,IL,2016-03-10,770.0,Trump,38.0,Cruz,34.0,2016-03-15
325,NC,2016-03-10,734.0,Trump,48.0,Cruz,28.0,2016-03-15
391,OH,2016-03-10,798.0,Kasich,33.0,Trump,33.0,2016-03-15
267,FL,2016-03-11,519.0,Clinton,60.0,Sanders,34.0,2016-03-15
267,OH,2016-03-11,543.0,Clinton,51.0,Sanders,46.0,2016-03-15
267,FL,2016-03-11,615.0,Trump,46.0,Rubio,22.0,2016-03-15
267,OH,2016-03-11,721.0,Kasich,38.0,Trump,38.0,2016-03-15
9,FL,2016-03-12,400.0,Clinton,58.0,Sanders,37.0,2016-03-15
263,FL,2016-03-12,627.0,Clinton,57.0,Sanders,32.0,2016-03-15
202,IL,2016-03-12,428.0,Clinton,31.0,Sanders,30.0,2016-03-15
263,IL,2016-03-12,597.0,Clinton,48.0,Sanders,45.0,2016-03-15
263,MO,2016-03-12,839.0,Clinton,46.0,Sanders,47.0,2016-03-15
263,NC,2016-03-12,747.0,Clinton,56.0,Sanders,37.0,2016-03-15
215,OH,2016-03-12,302.0,Clinton,54.0,Sanders,40.0,2016-03-15
263,OH,2016-03-12,502.0,Clinton,46.0,Sanders,41.0,2016-03-15
70,UT,2016-03-12,194.0,Sanders,52.0,Clinton,44.0,2016-03-22
9,FL,2016-03-12,400.0,Trump,49.0,Rubio,24.0,2016-03-15
215,FL,2016-03-12,405.0,Trump,44.0,Rubio,27.0,2016-03-15
263,NC,2016-03-12,749.0,Trump,44.0,Cruz,33.0,2016-03-15
215,OH,2016-03-12,503.0,Kasich,40.0,Trump,35.0,2016-03-15
70,UT,2016-03-12,215.0,Cruz,42.0,Kasich,13.0,2016-03-22
9,OH,2016-03-13,400.0,Clinton,52.0,Sanders,45.0,2016-03-15
243,FL,2016-03-13,787.0,Trump,44.3,Rubio,26.2,2016-03-15
338,FL,2016-03-13,1500.0,Trump,44.0,Rubio,24.0,2016-03-15
9,OH,2016-03-13,400.0,Kasich,44.0,Trump,38.0,2016-03-15
389,UT,2016-03-18,500.0,Cruz,53.0,Kasich,29.0,2016-03-22
243,AZ,2016-03-20,607.0,Trump,45.8,Cruz,33.3,2016-03-22
24,WI,2016-03-20,500.0,Cruz,36.2,Trump,31.4,2016-04-05
88,WI,2016-03-21,354.0,Sanders,44.0,Clinton,50.0,2016-04-05
88,WI,2016-03-21,439.0,Cruz,36.0,Trump,35.0,2016-04-05
245,WI,2016-03-23,7117.0,Cruz,27.2,Trump,30.9,2016-04-05
195,WI,2016-03-26,405.0,Sanders,49.2,Clinton,44.9,2016-04-05
195,WI,2016-03-26,471.0,Cruz,39.6,Trump,30.4,2016-04-05
103,WI,2016-03-29,860.0,Sanders,48.0,Clinton,43.0,2016-04-05
171,WI,2016-03-29,416.0,Sanders,41.0,Clinton,47.0,2016-04-05
263,WI,2016-03-29,720.0,Sanders,49.0,Clinton,43.0,2016-04-05
103,WI,2016-03-29,742.0,Cruz,42.0,Trump,32.0,2016-04-05
124,WI,2016-03-29,761.0,Cruz,44.0,Trump,41.0,2016-04-05
171,WI,2016-03-29,416.0,Cruz,38.0,Trump,31.0,2016-04-05
263,WI,2016-03-29,768.0,Cruz,38.0,Trump,37.0,2016-04-05
391,NY,2016-03-31,718.0,Clinton,53.0,Sanders,43.0,2016-04-19
391,WI,2016-03-31,653.0,Sanders,49.0,Clinton,47.0,2016-04-05
391,NY,2016-03-31,657.0,Trump,52.0,Kasich,20.0,2016-04-19
391,WI,2016-03-31,675.0,Cruz,43.0,Trump,37.0,2016-04-05
88,WI,2016-04-01,542.0,Sanders,51.0,Clinton,43.0,2016-04-05
88,WI,2016-04-01,549.0,Cruz,40.0,Trump,35.0,2016-04-05
9,WI,2016-04-02,400.0,Sanders,48.0,Clinton,49.0,2016-04-05
9,WI,2016-04-02,400.0,Cruz,32.0,Trump,42.0,2016-04-05
215,NY,2016-04-04,302.0,Trump,52.0,Kasich,25.0,2016-04-19
103,NY,2016-04-06,801.0,Clinton,53.0,Sanders,37.0,2016-04-19
124,NY,2016-04-06,1134.0,Clinton,53.0,Sanders,47.0,2016-04-19
103,PA,2016-04-06,805.0,Clinton,49.0,Sanders,38.0,2016-04-26
103,NY,2016-04-06,602.0,Trump,54.0,Kasich,22.0,2016-04-19
124,NY,2016-04-06,857.0,Trump,56.0,Kasich,24.0,2016-04-19
103,PA,2016-04-06,802.0,Trump,48.0,Cruz,20.0,2016-04-26
183,MD,2016-04-07,775.0,Clinton,58.0,Sanders,36.0,2016-04-26
88,NY,2016-04-07,324.0,Clinton,56.0,Sanders,38.0,2016-04-19
183,MD,2016-04-07,368.0,Trump,41.0,Kasich,24.0,2016-04-26
88,NY,2016-04-07,321.0,Trump,56.0,Kasich,17.0,2016-04-19
169,NY,2016-04-07,6041.0,Trump,52.0,Kasich,23.0,2016-04-19
22,NY,2016-04-08,632.0,Clinton,50.0,Sanders,37.0,2016-04-19
183,NY,2016-04-08,557.0,Clinton,55.0,Sanders,41.0,2016-04-19
22,NY,2016-04-08,324.0,Trump,60.0,Kasich,17.0,2016-04-19
183,NY,2016-04-08,259.0,Trump,54.0,Kasich,21.0,2016-04-19
215,NY,2016-04-09,302.0,Clinton,51.0,Sanders,39.0,2016-04-19
263,NY,2016-04-09,663.0,Clinton,51.0,Sanders,40.0,2016-04-19
267,NY,2016-04-09,860.0,Clinton,53.0,Sanders,40.0,2016-04-19
305,NY,2016-04-09,538.0,Clinton,52.0,Sanders,42.0,2016-04-19
331,MD,2016-04-09,600.0,Trump,33.0,Kasich,25.0,2016-04-26
263,NY,2016-04-09,483.0,Trump,51.0,Kasich,25.0,2016-04-19
267,NY,2016-04-09,550.0,Trump,55.0,Kasich,20.0,2016-04-19
305,NY,2016-04-09,469.0,Trump,50.0,Kasich,27.0,2016-04-19
219,PA,2016-04-10,422.0,Trump,41.0,Cruz,23.0,2016-04-26
88,CT,2016-04-11,356.0,Clinton,49.0,Sanders,43.0,2016-04-26
88,CT,2016-04-11,354.0,Trump,50.0,Kasich,26.0,2016-04-26
215,MD,2016-04-11,301.0,Trump,47.0,Kasich,27.0,2016-04-26
215,PA,2016-04-11,303.0,Trump,44.0,Cruz,28.0,2016-04-26
183,NY,2016-04-12,591.0,Clinton,57.0,Sanders,40.0,2016-04-19
183,NY,2016-04-12,313.0,Trump,54.0,Kasich,25.0,2016-04-19
124,NY,2016-04-13,635.0,Clinton,53.0,Sanders,47.0,2016-04-19
124,NY,2016-04-13,481.0,Trump,57.0,Kasich,22.0,2016-04-19
245,NY,2016-04-13,14201.0,Trump,51.0,Kasich,26.0,2016-04-19
391,NY,2016-04-14,1030.0,Clinton,53.0,Sanders,43.0,2016-04-19
391,NY,2016-04-14,705.0,Trump,54.0,Kasich,19.0,2016-04-19
391,PA,2016-04-14,833.0,Trump,46.0,Cruz,26.0,2016-04-26
267,CT,2016-04-15,1037.0,Clinton,51.0,Sanders,42.0,2016-04-26
106,PA,2016-04-15,321.0,Clinton,58.0,Sanders,31.0,2016-04-26
267,CT,2016-04-15,823.0,Trump,48.0,Kasich,28.0,2016-04-26
106,PA,2016-04-15,364.0,Trump,40.0,Cruz,26.0,2016-04-26
263,MD,2016-04-16,492.0,Clinton,58.0,Sanders,33.0,2016-04-26
88,NY,2016-04-16,438.0,Clinton,55.0,Sanders,40.0,2016-04-19
263,MD,2016-04-16,310.0,Trump,43.0,Kasich,29.0,2016-04-26
88,NY,2016-04-16,361.0,Trump,55.0,Kasich,21.0,2016-04-19
124,DE,2016-04-18,1026.0,Clinton,45.0,Sanders,38.0,2016-04-26
215,PA,2016-04-18,302.0,Clinton,52.0,Sanders,39.0,2016-04-26
124,DE,2016-04-18,1038.0,Trump,55.0,Kasich,18.0,2016-04-26
215,MD,2016-04-19,300.0,Clinton,57.0,Sanders,32.0,2016-04-26
183,PA,2016-04-19,734.0,Clinton,55.0,Sanders,40.0,2016-04-26
183,PA,2016-04-19,571.0,Trump,45.0,Cruz,27.0,2016-04-26
103,IN,2016-04-20,603.0,Sanders,42.0,Clinton,46.0,2016-05-03
150,IN,2016-04-20,400.0,Sanders,40.0,Clinton,55.0,2016-05-03
260,IN,2016-04-20,479.0,Sanders,45.0,Clinton,48.0,2016-05-03
35,RI,2016-04-20,436.0,Sanders,33.9,Clinton,43.3,2016-04-26
103,IN,2016-04-20,602.0,Trump,41.0,Cruz,33.0,2016-05-03
150,IN,2016-04-20,400.0,Trump,29.0,Cruz,44.8,2016-05-03
260,IN,2016-04-20,507.0,Trump,37.0,Cruz,31.0,2016-05-03
35,RI,2016-04-20,164.0,Trump,37.5,Kasich,25.3,2016-04-26
150,IN,2016-04-21,400.0,Sanders,41.0,Clinton,54.0,2016-05-03
391,IN,2016-04-21,832.0,Sanders,44.0,Clinton,49.0,2016-05-03
38,PA,2016-04-21,665.0,Clinton,61.26,Sanders,32.0,2016-04-26
391,PA,2016-04-21,831.0,Clinton,51.0,Sanders,43.0,2016-04-26
391,IN,2016-04-21,439.0,Trump,40.0,Cruz,35.0,2016-05-03
124,MD,2016-04-21,759.0,Trump,53.0,Kasich,24.0,2016-04-26
391,PA,2016-04-21,934.0,Trump,49.0,Cruz,26.0,2016-04-26
38,PA,2016-04-22,665.0,Clinton,61.52,Sanders,32.75,2016-04-26
132,PA,2016-04-22,641.0,Clinton,61.0,Sanders,33.0,2016-04-26
263,CT,2016-04-23,709.0,Clinton,48.0,Sanders,46.0,2016-04-26
9,MD,2016-04-23,400.0,Clinton,50.0,Sanders,44.0,2016-04-26
9,PA,2016-04-23,400.0,Clinton,58.0,Sanders,38.0,2016-04-26
38,PA,2016-04-23,665.0,Clinton,63.26,Sanders,36.74,2016-04-26
263,PA,2016-04-23,728.0,Clinton,51.0,Sanders,41.0,2016-04-26
263,RI,2016-04-23,668.0,Sanders,49.0,Clinton,45.0,2016-04-26
263,CT,2016-04-23,512.0,Trump,59.0,Kasich,25.0,2016-04-26
9,MD,2016-04-23,400.0,Trump,55.0,Kasich,21.0,2016-04-26
9,PA,2016-04-23,400.0,Trump,50.0,Cruz,23.0,2016-04-26
263,PA,2016-04-23,826.0,Trump,51.0,Cruz,25.0,2016-04-26
263,RI,2016-04-23,511.0,Trump,61.0,Kasich,23.0,2016-04-26
243,PA,2016-04-24,942.0,Clinton,52.1,Sanders,40.5,2016-04-26
124,CT,2016-04-24,964.0,Trump,54.0,Kasich,27.0,2016-04-26
243,PA,2016-04-24,1050.0,Trump,47.9,Cruz,28.2,2016-04-26
124,RI,2016-04-24,566.0,Trump,58.0,Kasich,21.0,2016-04-26
183,IN,2016-04-27,449.0,Sanders,46.0,Clinton,50.0,2016-05-03
268,WV,2016-04-27,315.0,Sanders,47.0,Clinton,43.0,2016-05-10
55,IN,2016-04-27,423.0,Trump,37.1,Cruz,35.2,2016-05-03
183,IN,2016-04-27,645.0,Trump,49.0,Cruz,34.0,2016-05-03
9,IN,2016-04-28,400.0,Sanders,43.0,Clinton,51.0,2016-05-03
9,IN,2016-04-28,400.0,Trump,41.0,Cruz,32.0,2016-05-03
124,IN,2016-04-29,379.0,Trump,44.0,Cruz,27.0,2016-05-03
263,WV,2016-04-30,637.0,Sanders,45.0,Clinton,37.0,2016-05-10
76,OR,2016-05-08,304.0,Sanders,33.0,Clinton,48.0,2016-05-17
262,CA,2016-05-18,552.0,Clinton,46.0,Sanders,44.0,2016-06-07
325,CA,2016-05-21,803.0,Clinton,57.0,Sanders,39.0,2016-06-07
127,CA,2016-05-25,412.0,Clinton,49.0,Sanders,39.0,2016-06-07
94,CA,2016-05-29,571.0,Clinton,45.0,Sanders,43.0,2016-06-07
183,CA,2016-05-30,557.0,Clinton,49.0,Sanders,47.0,2016-06-07
9,CA,2016-06-01,400.0,Clinton,48.0,Sanders,47.0,2016-06-07
391,CA,2016-06-02,674.0,Clinton,49.0,Sanders,47.0,2016-06-07
